Wavelength,Transmittance
399.26491,0.93912
401.19373,0.93367
403.12254,0.92411
405.05136,0.91548
406.98018,0.91016
408.90899,0.90937
410.83781,0.90726
412.76662,0.90087
414.69544,0.89856
416.62426,0.89532
418.55307,0.88343
420.48189,0.86716
422.4107,0.85714
424.33952,0.85193
426.26834,0.84703
428.19715,0.84412
430.12597,0.83746
432.05478,0.82744
433.9836,0.81825
435.91242,0.81268
437.84123,0.81081
439.77005,0.81036
441.69886,0.8083
443.62768,0.80318
445.5565,0.7973
447.48531,0.79508
449.41413,0.79772
451.34294,0.80229
453.27176,0.80759
455.20058,0.80976
457.12939,0.80629
459.05821,0.80223
460.98702,0.80329
462.91584,0.80678
464.84466,0.80689
466.77347,0.80501
468.70229,0.8029
470.6311,0.79906
472.55992,0.79494
474.48874,0.79137
476.41755,0.78994
478.34637,0.78733
480.27518,0.78379
482.204,0.77795
484.13282,0.77012
486.06163,0.76328
487.99045,0.7582
489.91926,0.75314
491.84808,0.74944
493.7769,0.74771
495.70571,0.74552
497.63453,0.74164
499.56334,0.73532
501.49216,0.72696
503.42098,0.71962
505.34979,0.7136
507.27861,0.70772
509.20742,0.70081
511.13624,0.69614
513.06506,0.69234
514.99387,0.68654
516.92269,0.67739
518.8515,0.66873
520.78032,0.66605
522.70914,0.66894
524.63795,0.67171
526.56677,0.67173
528.49558,0.67042
530.4244,0.66951
532.35322,0.66891
534.28203,0.66922
536.21085,0.66928
538.13966,0.66629
540.06848,0.6613
541.9973,0.65528
543.92611,0.64739
545.85493,0.63805
547.78374,0.62888
549.71256,0.62101
551.64138,0.61339
553.57019,0.6043
555.49901,0.5931
557.42782,0.58213
559.35664,0.57592
561.28546,0.57585
563.21427,0.57988
565.14309,0.58453
567.0719,0.58778
569.00072,0.58958
570.92954,0.59088
572.85835,0.59108
574.78717,0.58877
576.71598,0.58549
578.6448,0.58307
580.57362,0.58231
582.50243,0.58102
584.43125,0.57986
586.36006,0.58091
588.28888,0.58149
590.2177,0.57738
592.14651,0.57042
594.07533,0.56803
596.00414,0.57142
597.93296,0.57495
599.86178,0.57581
601.79059,0.5735
603.71941,0.56947
605.64822,0.56394
607.57704,0.55884
609.50586,0.55541
611.43467,0.55468
613.36349,0.55644
615.2923,0.55739
617.22112,0.55753
619.14994,0.56012
621.07875,0.56711
623.00757,0.57475
624.93638,0.5819
626.8652,0.58766
628.79402,0.59224
630.72283,0.59633
632.65165,0.60271
634.58046,0.61071
636.50928,0.61841
638.4381,0.62424
640.36691,0.62891
642.29573,0.63202
644.22454,0.63408
646.15336,0.63477
648.08218,0.63433
650.01099,0.63259
651.93981,0.63075
653.86862,0.62782
655.79744,0.62321
657.72626,0.61697
659.65507,0.61163
661.58389,0.60791
663.5127,0.61384
665.44152,0.62117
667.37034,0.61434
669.29915,0.60612
671.22797,0.61237
673.15678,0.63017
675.0856,0.6426
677.01442,0.65608
678.94323,0.66941
680.87205,0.68078
682.80086,0.68882
684.72968,0.69458
686.6585,0.698
688.58731,0.70008
690.51613,0.70172
692.44494,0.70415
694.37376,0.70653
696.30258,0.70821
698.23139,0.7094
700.16021,0.71117
702.08902,0.71321
704.01784,0.71475
705.94666,0.71566
707.87547,0.71681
709.80429,0.71853
711.7331,0.72113
713.66192,0.72505
715.59074,0.73095
717.51955,0.73812
719.44837,0.7455
721.37718,0.75313
723.306,0.76144
725.23482,0.76994
727.16363,0.7779
729.09245,0.78553
731.02126,0.79282
732.95008,0.79973
734.8789,0.8064
736.80771,0.81313
738.73653,0.81989
740.66534,0.82614
742.59416,0.83152
744.52298,0.8362
746.45179,0.84054
748.38061,0.8447
750.30942,0.84861
752.23824,0.85226
754.16706,0.85581
756.09587,0.85974
758.02469,0.86398
759.9535,0.86828
761.88232,0.87233
763.81114,0.87611
765.73995,0.87946
767.66877,0.88253
769.59758,0.88532
771.5264,0.88791
773.45522,0.89044
775.38403,0.89327
777.31285,0.89631
779.24166,0.89947
781.17048,0.90229
783.0993,0.90423
785.02811,0.90507
786.95693,0.90527
788.88574,0.90549
790.81456,0.90543
792.74338,0.90492
794.67219,0.904
796.60101,0.90361
798.52982,0.90437
800.45864,0.90625
802.38746,0.90864
804.31627,0.91122
806.24509,0.91408
808.1739,0.91712
810.10272,0.91988
812.03154,0.92232
813.96035,0.92445
815.88917,0.92642
817.81798,0.92828
819.7468,0.93027
821.67562,0.93253
823.60443,0.93511
825.53325,0.9377
827.46206,0.94001
829.39088,0.94191
831.3197,0.94361
833.24851,0.94493
835.17733,0.94591
837.10614,0.9466
839.03496,0.94718
840.96378,0.94754
842.89259,0.94781
844.82141,0.94782
846.75022,0.94751
848.67904,0.94675
850.60786,0.94566
852.53667,0.94409
854.46549,0.94212
856.3943,0.93986
858.32312,0.93753
860.25194,0.935
862.18075,0.93222
864.10957,0.92903
866.03838,0.92537
867.9672,0.92106
869.89602,0.91609
871.82483,0.91029
873.75365,0.90376
875.68246,0.89644
877.61128,0.88799
879.5401,0.87782
881.46891,0.86557
883.39773,0.85105
885.32654,0.83425
887.25536,0.8158
889.18418,0.79671
891.11299,0.77837
893.04181,0.76275
894.97062,0.75232
896.89944,0.7488
898.82826,0.7523
900.75707,0.76143
902.68589,0.77379
904.6147,0.78705
906.54352,0.79941
908.47234,0.80986
910.40115,0.81794
912.32997,0.82367
914.25878,0.82697
916.1876,0.82786
918.11642,0.82655
920.04523,0.82351
921.97405,0.81902
923.90286,0.81351
925.83168,0.8075
927.7605,0.80149
929.68931,0.79567
931.61813,0.79009
933.54694,0.78469
935.47576,0.77939
937.40458,0.77371
939.33339,0.76722
941.26221,0.75945
943.19102,0.75017
945.11984,0.73898
947.04866,0.72569
948.97747,0.71032
950.90629,0.6933
952.8351,0.67501
954.76392,0.65581
956.69274,0.63609
958.62155,0.61655
960.55037,0.59783
962.47918,0.58042
964.408,0.56447
966.33682,0.54994
968.26563,0.53637
970.19445,0.52281
972.12326,0.50797
974.05208,0.49048
975.9809,0.46912
977.90971,0.44311
979.83853,0.41323
981.76734,0.38208
983.69616,0.35329
985.62498,0.3291
987.55379,0.30957
989.48261,0.29359
991.41142,0.28066
993.34024,0.27036
995.26906,0.26218
997.19787,0.25528
999.12669,0.24946
1001.0555,0.24435
1002.98432,0.23888
1004.91314,0.23099
1006.84195,0.21942
1008.77077,0.20399
1010.69958,0.18597
1012.6284,0.16726
1014.55722,0.14993
1016.48603,0.13464
1018.41485,0.12124
1020.34366,0.1091
1022.27248,0.0981
1024.2013,0.08765
1026.13011,0.07738
1028.05893,0.06699
1029.98774,0.05727
1031.91656,0.04965
1033.84538,0.04655
1035.77419,0.04915
1037.70301,0.05659
1039.63182,0.06523
1041.56064,0.07113
1043.48946,0.07129
1045.41827,0.06578
1047.34709,0.05607
1049.2759,0.04438
1051.20472,0.03215
1053.13354,0.02104
1055.06235,0.0115
1056.99117,0.00412
1058.91998,0
1060.8488,0.00155
1062.77762,0.00892
1064.70643,0.02041
1066.63525,0.03336
1068.56406,0.04658
1070.49288,0.05922
1072.4217,0.07148
1074.35051,0.08358
1076.27933,0.09671
1078.20814,0.11116
1080.13696,0.12637
1082.06578,0.14033
1083.99459,0.15193
1085.92341,0.1609
1087.85222,0.16825
1089.78104,0.17436
1091.70986,0.17925
1093.63867,0.18211
1095.56749,0.183
1097.4963,0.18171
1099.42512,0.17829
1101.35394,0.17271
1103.28275,0.16623
1105.21157,0.15958
1107.14038,0.15314
1109.0692,0.14667
1110.99802,0.14224
1112.92683,0.14298
1114.85565,0.15102
1116.78446,0.16418
1118.71328,0.1791
1120.6421,0.1936
1122.57091,0.20862
1124.49973,0.22587
1126.42854,0.24689
1128.35736,0.27092
1130.28618,0.29631
1132.21499,0.32161
1134.14381,0.34659
1136.07262,0.37001
1138.00144,0.38936
1139.93026,0.40163
1141.85907,0.40555
1143.78789,0.40154
1145.7167,0.39149
1147.64552,0.37722
1149.57434,0.36012
1151.50315,0.34069
1153.43197,0.32026
1155.36078,0.30007
1157.2896,0.2814
1159.21842,0.26546
1161.14723,0.25489
1163.07605,0.25234
1165.00486,0.25973
1166.93368,0.27675
1168.8625,0.30176
1170.79131,0.33184
1172.72013,0.36464
1174.64894,0.39836
1176.57776,0.43201
1178.50658,0.46458
1180.43539,0.49565
1182.36421,0.52475
1184.29302,0.55094
1186.22184,0.57307
1188.15066,0.59041
1190.07947,0.60235
1192.00829,0.6087
1193.9371,0.61027
1195.86592,0.60878
1197.79474,0.60636
1199.72355,0.60508
1201.65237,0.60615
1203.58118,0.61002
1205.51,0.61761
1207.43882,0.63021
1209.36763,0.64704
1211.29645,0.66466
1213.22526,0.67963
1215.15408,0.69063
1217.0829,0.6981
1219.01171,0.70274
1220.94053,0.70492
1222.86934,0.70446
1224.79816,0.70191
1226.72698,0.69821
1228.65579,0.69388
1230.58461,0.68875
1232.51342,0.68352
1234.44224,0.67988
1236.37106,0.67865
1238.29987,0.67855
1240.22869,0.6778
1242.1575,0.67576
1244.08632,0.6734
1246.01514,0.67179
1247.94395,0.67128
1249.87277,0.67106
1251.80158,0.6703
1253.7304,0.66838
1255.65922,0.66537
1257.58803,0.66142
1259.51685,0.65832
1261.44566,0.65839
1263.37448,0.66219
1265.3033,0.66781
1267.23211,0.6731
1269.16093,0.67649
1271.08974,0.67781
1273.01856,0.67817
1274.94738,0.67769
1276.87619,0.67459
1278.80501,0.66889
1280.73382,0.6647
1282.66264,0.66583
1284.59146,0.671
1286.52027,0.67596
1288.44909,0.67899
1290.3779,0.6804
1292.30672,0.68042
1294.23554,0.67818
1296.16435,0.67347
1298.09317,0.66622
1300.02198,0.65688
1301.9508,0.64544
1303.87962,0.63221
1305.80843,0.61708
1307.73725,0.6015
1309.66606,0.58556
1311.59488,0.56947
1313.5237,0.55589
1315.45251,0.54709
1317.38133,0.54245
1319.31014,0.54274
1321.23896,0.54883
1323.16778,0.55751
1325.09659,0.56396
1327.02541,0.56685
1328.95422,0.56581
1330.88304,0.56272
1332.81186,0.56056
1334.74067,0.56059
1336.66949,0.55791
1338.5983,0.55331
1340.52712,0.55539
1342.45594,0.56584
1344.38475,0.57655
1346.31357,0.5812
1348.24238,0.58171
1350.1712,0.5794
1352.10002,0.5745
1354.02883,0.56859
1355.95765,0.56525
1357.88646,0.56572
1359.81528,0.55906
1361.7441,0.54409
1363.67291,0.53437
1365.60173,0.53195
1367.53054,0.52779
1369.45936,0.52341
1371.38818,0.5205
1373.31699,0.51661
1375.24581,0.51701
1377.17462,0.52686
1379.10344,0.53956
1381.03226,0.55265
1382.96107,0.57073
1384.88989,0.58449
1386.8187,0.59505
1388.74752,0.61101
1390.67634,0.63376
1392.60515,0.64296
1394.53397,0.64237
1396.46278,0.63897
1398.3916,0.64059
1400.32042,0.64716
1402.24923,0.65289
1404.17805,0.65057
1406.10686,0.64689
1408.03568,0.64869
1409.9645,0.64752
1411.89331,0.64489
1413.82213,0.64907
1415.75094,0.64341
1417.67976,0.61606
1419.60858,0.59375
1421.53739,0.58586
1423.46621,0.58426
1425.39502,0.57903
1427.32384,0.57592
1429.25266,0.56946
1431.18147,0.5736
1433.11029,0.58654
1435.0391,0.58321
1436.96792,0.57711
1438.89674,0.58692
1440.82555,0.60644
1442.75437,0.61729
1444.68318,0.62194
1446.612,0.61943
1448.54082,0.61797
1450.46963,0.62807
1452.39845,0.65198
1454.32726,0.65035
1456.25608,0.62213
1458.1849,0.60744
1460.11371,0.63787
1462.04253,0.66528
1463.97134,0.66662
1465.90016,0.67332
1467.82898,0.70474
1469.75779,0.72334
1471.68661,0.71677
1473.61542,0.70879
1475.54424,0.72205
1477.47306,0.74426
1479.40187,0.75983
1481.33069,0.77487
1483.2595,0.79476
1485.18832,0.81677
1487.11714,0.81638
1489.04595,0.80577
1490.97477,0.81754
1492.90358,0.84828
1494.8324,0.85811
1496.76122,0.84451
1498.69003,0.8407
1500.61885,0.8676
1502.54766,0.90803
1504.47648,0.89183
1506.4053,0.8409
1508.33411,0.81886
1510.26293,0.8538
1512.19174,0.88631
1514.12056,0.89213
1516.04938,0.89277
1517.97819,0.89218
1519.90701,0.8831
1521.83582,0.87364
1523.76464,0.87366
1525.69346,0.88231
1527.62227,0.891
1529.55109,0.91041
1531.4799,0.90493
1533.40872,0.89858
1535.33754,0.92369
1537.26635,0.93596
1539.19517,0.89776
1541.12398,0.85886
1543.0528,0.85895
1544.98162,0.88075
1546.91043,0.89686
1548.83925,0.90635
1550.76806,0.9087
1552.69688,0.92146
1554.6257,0.94856
1556.55451,0.91403
1558.48333,0.85881
1560.41214,0.84383
1562.34096,0.89038
1564.26978,0.9168
1566.19859,0.91697
1568.12741,0.90063
1570.05622,0.89295
1571.98504,0.91074
1573.91386,0.90955
1575.84267,0.88106
1577.77149,0.87053
1579.7003,0.88727
1581.62912,0.89417
1583.55794,0.89139
1585.48675,0.89041
1587.41557,0.88831
1589.34438,0.88628
1591.2732,0.88302
1593.20202,0.87788
1595.13083,0.87204
1597.05965,0.86957
1598.98846,0.867
1600.91728,0.86042
1602.8461,0.85367
1604.77491,0.84885
1606.70373,0.84047
1608.63254,0.82957
1610.56136,0.82964
1612.49018,0.83965
1614.41899,0.82336
1616.34781,0.7954
1618.27662,0.79131
1620.20544,0.80285
1622.13426,0.79362
1624.06307,0.78058
1625.99189,0.77558
1627.9207,0.77431
1629.84952,0.78525
1631.77834,0.80449
1633.70715,0.78192
1635.63597,0.7457
1637.56478,0.73662
1639.4936,0.76234
1641.42242,0.78726
1643.35123,0.79568
1645.28005,0.77338
1647.20886,0.76918
1649.13768,0.80589
1651.0665,0.79574
1652.99531,0.75068
1654.92413,0.74558
1656.85294,0.79994
1658.78176,0.82681
1660.71058,0.82224
1662.63939,0.81972
1664.56821,0.83873
1666.49702,0.85394
1668.42584,0.84122
1670.35466,0.83807
1672.28347,0.84736
1674.21229,0.84882
1676.1411,0.84979
1678.06992,0.87428
1679.99874,0.90349
1681.92755,0.88135
1683.85637,0.85005
1685.78518,0.84623
1687.714,0.8753
1689.64282,0.89565
1691.57163,0.9197
1693.50045,0.92583
1695.42926,0.92326
1697.35808,0.90418
1699.2869,0.88517
1701.21571,0.8805
1703.14453,0.89563
1705.07334,0.90102
1707.00216,0.8969
1708.93098,0.91273
1710.85979,0.93107
1712.78861,0.94211
1714.71742,0.92454
1716.64624,0.89231
1718.57506,0.8861
1720.50387,0.9083
1722.43269,0.92521
1724.3615,0.93057
1726.29032,0.93835
1728.21914,0.94923
1730.14795,0.95328
1732.07677,0.92654
1734.00558,0.90584
1735.9344,0.91411
1737.86322,0.93459
1739.79203,0.93159
1741.72085,0.92915
1743.64966,0.93982
1745.57848,0.94632
1747.5073,0.94021
1749.43611,0.92294
1751.36493,0.92471
1753.29374,0.94112
1755.22256,0.95125
1757.15138,0.95345
1759.08019,0.95141
1761.00901,0.94607
1762.93782,0.9482
1764.86664,0.96043
1766.79546,0.96988
1768.72427,0.96487
1770.65309,0.9457
1772.5819,0.92937
1774.51072,0.93517
1776.43954,0.95335
1778.36835,0.95515
1780.29717,0.95253
1782.22598,0.95046
1784.1548,0.95281
1786.08362,0.96226
1788.01243,0.97471
1789.94125,0.96596
1791.87006,0.94755
1793.79888,0.94615
1795.7277,0.96166
1797.65651,0.96516
1799.58533,0.95581
1801.51414,0.94991
1803.44296,0.95501
1805.37178,0.96351
1807.30059,0.96396
1809.22941,0.95661
1811.15822,0.95218
1813.08704,0.95606
1815.01586,0.96095
1816.94467,0.96189
1818.87349,0.96585
1820.8023,0.97227
1822.73112,0.96998
1824.65994,0.96882
1826.58875,0.96642
1828.51757,0.95778
1830.44638,0.95075
1832.3752,0.95774
1834.30402,0.96543
1836.23283,0.96359
1838.16165,0.96937
1840.09046,0.9782
1842.01928,0.96831
1843.9481,0.95012
1845.87691,0.94515
1847.80573,0.95531
1849.73454,0.9618
1851.66336,0.96507
1853.59218,0.96725
1855.52099,0.96813
1857.44981,0.96821
1859.37862,0.96796
1861.30744,0.97156
1863.23626,0.9795
1865.16507,0.97883
1867.09389,0.96184
1869.0227,0.94812
1870.95152,0.95179
1872.88034,0.96219
1874.80915,0.96448
1876.73797,0.96374
1878.66678,0.96414
1880.5956,0.96521
1882.52442,0.96674
1884.45323,0.97072
1886.38205,0.9706
1888.31086,0.96509
1890.23968,0.9627
1892.1685,0.96505
1894.09731,0.96501
1896.02613,0.96268
1897.95494,0.96403
1899.88376,0.96515
1901.81258,0.9649
1903.74139,0.96566
1905.67021,0.96529
1907.59902,0.96103
1909.52784,0.95737
1911.45666,0.96022
1913.38547,0.96695
1915.31429,0.96485
1917.2431,0.95935
1919.17192,0.95757
1921.10074,0.95737
1923.02955,0.95576
1924.95837,0.95731
1926.88718,0.96167
1928.816,0.96196
1930.74482,0.96065
1932.67363,0.95895
1934.60245,0.95788
1936.53126,0.95977
1938.46008,0.96138
1940.3889,0.95552
1942.31771,0.9478
1944.24653,0.94604
1946.17534,0.95025
1948.10416,0.9526
1950.03298,0.95405
1951.96179,0.95431
1953.89061,0.95378
1955.81942,0.95339
1957.74824,0.95333
1959.67706,0.95314
1961.60587,0.95398
1963.53469,0.95316
1965.4635,0.94842
1967.39232,0.94435
1969.32114,0.94488
1971.24995,0.9469
1973.17877,0.94669
1975.10758,0.94608
1977.0364,0.94584
1978.96522,0.9458
1980.89403,0.94596
1982.82285,0.94665
1984.75166,0.94732
1986.68048,0.94816
1988.6093,0.94664
1990.53811,0.94209
1992.46693,0.9394
1994.39574,0.94084
1996.32456,0.94278
1998.25338,0.94173
2000.18219,0.94064
2002.11101,0.94002
2004.03982,0.93946
2005.96864,0.93846
2007.89746,0.93757
2009.82627,0.93746
2011.75509,0.93871
2013.6839,0.93851
2015.61272,0.93593
2017.54154,0.93396
2019.47035,0.93475
2021.39917,0.93598
2023.32798,0.93583
2025.2568,0.93521
2027.18562,0.93455
2029.11443,0.9336
2031.04325,0.93238
2032.97206,0.93095
2034.90088,0.93007
2036.8297,0.92984
2038.75851,0.92922
2040.68733,0.92821
2042.61614,0.92777
2044.54496,0.92801
2046.47378,0.92826
2048.40259,0.92868
2050.33141,0.9296
2052.26022,0.9305
2054.18904,0.93103
2056.11786,0.93083
2058.04667,0.93031
2059.97549,0.93007
2061.9043,0.92928
2063.83312,0.92782
2065.76194,0.9272
2067.69075,0.92792
2069.61957,0.92851
2071.54838,0.92809
2073.4772,0.92763
2075.40602,0.92737
2077.33483,0.92748
2079.26365,0.92782
2081.19246,0.92855
2083.12128,0.92948
2085.0501,0.93031
2086.97891,0.93017
2088.90773,0.92922
2090.83654,0.92821
2092.76536,0.92753
2094.69418,0.92685
2096.62299,0.9262
2098.55181,0.9258
2100.48062,0.92553
2102.40944,0.92507
2104.33826,0.92419
2106.26707,0.92302
2108.19589,0.92223
2110.1247,0.92216
2112.05352,0.92264
2113.98234,0.92343
2115.91115,0.92432
2117.83997,0.92474
2119.76878,0.92422
2121.6976,0.92284
2123.62642,0.92131
2125.55523,0.92018
2127.48405,0.9199
2129.41286,0.92036
2131.34168,0.92122
2133.2705,0.92155
2135.19931,0.92093
2137.12813,0.91955
2139.05694,0.91833
2140.98576,0.91805
2142.91458,0.91922
2144.84339,0.92157
2146.77221,0.9242
2148.70102,0.92596
2150.62984,0.92621
2152.55866,0.92507
2154.48747,0.92346
2156.41629,0.92254
2158.3451,0.92302
2160.27392,0.92473
2162.20274,0.92694
2164.13155,0.92854
2166.06037,0.92865
2167.98918,0.92724
2169.918,0.92542
2171.84682,0.92448
2173.77563,0.92536
2175.70445,0.92798
2177.63326,0.93141
2179.56208,0.93426
2181.4909,0.93551
2183.41971,0.93487
2185.34853,0.93307
2187.27734,0.93151
2189.20616,0.93138
2191.13498,0.9329
2193.06379,0.9353
2194.99261,0.93724
2196.92142,0.93762
2198.85024,0.93616
2200.77906,0.93357
2202.70787,0.93112
2204.63669,0.93013
2206.5655,0.9312
2208.49432,0.93388
2210.42314,0.93683
2212.35195,0.9388
2214.28077,0.93911
2216.20958,0.93792
2218.1384,0.93593
2220.06722,0.93417
2221.99603,0.93341
2223.92485,0.93388
2225.85366,0.93517
2227.78248,0.93649
2229.7113,0.93707
2231.64011,0.93656
2233.56893,0.93507
2235.49774,0.93323
2237.42656,0.9319
2239.35538,0.93191
2241.28419,0.93354
2243.21301,0.93627
2245.14182,0.93902
2247.07064,0.94075
2248.99946,0.94086
2250.92827,0.9395
2252.85709,0.93749
2254.7859,0.93614
2256.71472,0.93594
2258.64354,0.93674
2260.57235,0.93787
2262.50117,0.93884
2264.42998,0.93912
2266.3588,0.93852
2268.28762,0.93725
2270.21643,0.93584
2272.14525,0.93507
2274.07406,0.93533
2276.00288,0.93656
2277.9317,0.93831
2279.86051,0.94006
2281.78933,0.94102
2283.71814,0.94075
2285.64696,0.93933
2287.57578,0.93768
2289.50459,0.93666
2291.43341,0.93673
2293.36222,0.93782
2295.29104,0.9394
2297.21986,0.94079
2299.14867,0.94091
2301.07749,0.93984
2303.0063,0.9382
2304.93512,0.93701
2306.86394,0.93652
2308.79275,0.93684
2310.72157,0.93826
2312.65038,0.94184
2314.5792,0.94665
2316.50802,0.94883
2318.43683,0.9454
2320.36565,0.93943
2322.29446,0.93562
2324.22328,0.93576
2326.1521,0.93706
2328.08091,0.93729
2330.00973,0.93669
2331.93854,0.93772
2333.86736,0.93869
2335.79618,0.93754
2337.72499,0.93435
2339.65381,0.93073
2341.58262,0.92446
2343.51144,0.91938
2345.44026,0.92425
2347.36907,0.94418
2349.29789,0.9622
2351.2267,0.96482
2353.15552,0.9531
2355.08434,0.94088
2357.01315,0.93211
2358.94197,0.92734
2360.87078,0.92498
2362.7996,0.92386
2364.72842,0.92304
2366.65723,0.92199
2368.58605,0.91953
2370.51486,0.91534
2372.44368,0.91078
2374.3725,0.90869
2376.30131,0.91114
2378.23013,0.91651
2380.15894,0.92225
2382.08776,0.92667
2384.01658,0.92969
2385.94539,0.93061
2387.87421,0.9295
2389.80302,0.92733
2391.73184,0.9252
2393.66066,0.92423
2395.58947,0.92516
2397.51829,0.92797
2399.4471,0.93142
2401.37592,0.93372
2403.30474,0.93355
2405.23355,0.93088
2407.16237,0.92681
2409.09118,0.9232
2411.02,0.92161
2412.94882,0.92272
2414.87763,0.92587
2416.80645,0.92959
2418.73526,0.93204
2420.66408,0.9319
2422.5929,0.92889
2424.52171,0.92411
2426.45053,0.91928
2428.37934,0.91615
2430.30816,0.91569
2432.23698,0.91775
2434.16579,0.921
2436.09461,0.92373
2438.02342,0.92445
2439.95224,0.9227
2441.88106,0.91915
2443.80987,0.91538
2445.73869,0.91297
2447.6675,0.91297
2449.59632,0.91524
2451.52514,0.91859
2453.45395,0.92131
2455.38277,0.92198
2457.31158,0.91994
2459.2404,0.91569
2461.16922,0.9108
2463.09803,0.90723
2465.02685,0.90618
2466.95566,0.90779
2468.88448,0.91109
2470.8133,0.91453
2472.74211,0.91644
2474.67093,0.91585
2476.59974,0.91289
2478.52856,0.90883
2480.45738,0.90531
2482.38619,0.9037
2484.31501,0.90442
2486.24382,0.90695
2488.17264,0.90996
2490.10146,0.91181
2492.03027,0.91125
2493.95909,0.90818
2495.8879,0.90356
2497.81672,0.89901
2499.74554,0.89602
2501.67435,0.89553
2503.60317,0.89738
2505.53198,0.90055
2507.4608,0.9035
2509.38962,0.90486
2511.31843,0.90388
2513.24725,0.90099
2515.17606,0.89739
2517.10488,0.89455
2519.0337,0.8935
2520.96251,0.89456
2522.89133,0.89705
2524.82014,0.89972
2526.74896,0.90112
2528.67778,0.90041
2530.60659,0.89769
2532.53541,0.894
2534.46422,0.89074
2536.39304,0.88924
2538.32186,0.89007
2540.25067,0.89289
2542.17949,0.89654
2544.1083,0.8996
2546.03712,0.90083
2547.96594,0.89979
2549.89475,0.89698
2551.82357,0.89366
2553.75238,0.89119
2555.6812,0.89052
2557.61002,0.89178
2559.53883,0.89429
2561.46765,0.89679
2563.39646,0.8981
2565.32528,0.89754
2567.2541,0.89531
2569.18291,0.89231
2571.11173,0.88978
2573.04054,0.88872
2574.96936,0.88965
2576.89818,0.89217
2578.82699,0.89518
2580.75581,0.89738
2582.68462,0.89785
2584.61344,0.89631
2586.54226,0.89328
2588.47107,0.88984
2590.39989,0.88716
2592.3287,0.88602
2594.25752,0.88659
2596.18634,0.88823
2598.11515,0.88994
2600.04397,0.89071
2601.97278,0.88996
2603.9016,0.88772
2605.83042,0.8847
2607.75923,0.88199
2609.68805,0.88053
2611.61686,0.88059
2613.54568,0.88188
2615.4745,0.88363
2617.40331,0.88487
2619.33213,0.88466
2621.26094,0.88267
2623.18976,0.87936
2625.11858,0.87573
2627.04739,0.87275
2628.97621,0.87116
2630.90502,0.87111
2632.83384,0.87217
2634.76266,0.87348
2636.69147,0.87425
2638.62029,0.8739
2640.5491,0.87231
2642.47792,0.86982
2644.40674,0.86722
2646.33555,0.86535
2648.26437,0.86472
2650.19318,0.86514
2652.122,0.86608
2654.05082,0.86678
2655.97963,0.86655
2657.90845,0.86503
2659.83726,0.86248
2661.76608,0.85955
2663.6949,0.85697
2665.62371,0.85534
2667.55253,0.85497
2669.48134,0.85558
2671.41016,0.85655
2673.33898,0.85713
2675.26779,0.85681
2677.19661,0.8554
2679.12542,0.85323
2681.05424,0.85082
2682.98306,0.84867
2684.91187,0.84708
2686.84069,0.84623
2688.7695,0.84595
2690.69832,0.84582
2692.62714,0.84527
2694.55595,0.84394
2696.48477,0.84179
2698.41358,0.83921
2700.3424,0.83663
2702.27122,0.83456
2704.20003,0.83331
2706.12885,0.83286
2708.05766,0.83286
2709.98648,0.83295
2711.9153,0.83268
2713.84411,0.83176
2715.77293,0.83009
2717.70174,0.8279
2719.63056,0.82561
2721.55938,0.82369
2723.48819,0.82242
2725.41701,0.82194
2727.34582,0.82199
2729.27464,0.82205
2731.20346,0.82161
2733.13227,0.82064
2735.06109,0.8194
2736.9899,0.81833
2738.91872,0.81762
2740.84754,0.8173
2742.77635,0.81723
2744.70517,0.81735
2746.63398,0.81752
2748.5628,0.81765
2750.49162,0.81739
2752.42043,0.81646
2754.34925,0.8149
2756.27806,0.8131
2758.20688,0.81141
2760.1357,0.81005
2762.06451,0.80904
2763.99333,0.8083
2765.92214,0.80767
2767.85096,0.80703
2769.77978,0.80611
2771.70859,0.80492
2773.63741,0.80378
2775.56622,0.80285
2777.49504,0.80181
2779.42386,0.80051
2781.35267,0.79913
2783.28149,0.79771
2785.2103,0.79596
2787.13912,0.79401
2789.06794,0.79212
2790.99675,0.79028
2792.92557,0.78809
2794.85438,0.78545
2796.7832,0.78275
2798.71202,0.78029
2800.64083,0.7778
2802.56965,0.77509
2804.49846,0.77214
2806.42728,0.76908
2808.3561,0.76603
2810.28491,0.76317
2812.21373,0.76013
2814.14254,0.75657
2816.07136,0.75247
2818.00018,0.74806
2819.92899,0.74333
2821.85781,0.73842
2823.78662,0.73348
2825.71544,0.72855
2827.64426,0.72349
2829.57307,0.71819
2831.50189,0.7124
2833.4307,0.70584
2835.35952,0.69821
2837.28834,0.68962
2839.21715,0.68013
2841.14597,0.66948
2843.07478,0.65712
2845.0036,0.64358
2846.93242,0.63067
2848.86123,0.62039
2850.79005,0.61333
2852.71886,0.60865
2854.64768,0.60498
2856.5765,0.60138
2858.50531,0.59751
2860.43413,0.59337
2862.36294,0.58888
2864.29176,0.58432
2866.22058,0.58013
2868.14939,0.5765
2870.07821,0.57331
2872.00702,0.57076
2873.93584,0.56856
2875.86466,0.56596
2877.79347,0.56233
2879.72229,0.55799
2881.6511,0.55349
2883.57992,0.5493
2885.50874,0.54544
2887.43755,0.54188
2889.36637,0.5383
2891.29518,0.53433
2893.224,0.52976
2895.15282,0.52508
2897.08163,0.52084
2899.01045,0.51756
2900.93926,0.51567
2902.86808,0.51558
2904.7969,0.51685
2906.72571,0.51863
2908.65453,0.51986
2910.58334,0.51985
2912.51216,0.51856
2914.44098,0.51697
2916.36979,0.5164
2918.29861,0.51789
2920.22742,0.52172
2922.15624,0.52785
2924.08506,0.53595
2926.01387,0.5455
2927.94269,0.55586
2929.8715,0.56635
2931.80032,0.57597
2933.72914,0.58419
2935.65795,0.59115
2937.58677,0.59748
2939.51558,0.60368
2941.4444,0.61056
2943.37322,0.61874
2945.30203,0.62825
2947.23085,0.63797
2949.15966,0.64654
2951.08848,0.65338
2953.0173,0.65873
2954.94611,0.66293
2956.87493,0.66646
2958.80374,0.67
2960.73256,0.67442
2962.66138,0.68026
2964.59019,0.68785
2966.51901,0.69708
2968.44782,0.70734
2970.37664,0.71732
2972.30546,0.72595
2974.23427,0.73276
2976.16309,0.738
2978.0919,0.74257
2980.02072,0.74771
2981.94954,0.75376
2983.87835,0.75976
2985.80717,0.7646
2987.73598,0.76773
2989.6648,0.76893
2991.59362,0.76838
2993.52243,0.76666
2995.45125,0.76492
2997.38006,0.76419
2999.30888,0.76484
3001.2377,0.76637
3003.16651,0.76855
3005.09533,0.77087
3007.02414,0.77187
3008.95296,0.77018
3010.88178,0.76632
3012.81059,0.76184
3014.73941,0.7579
3016.66822,0.75512
3018.59704,0.75373
3020.52586,0.7535
3022.45467,0.75411
3024.38349,0.75513
3026.3123,0.75524
3028.24112,0.75253
3030.16994,0.74724
3032.09875,0.74147
3034.02757,0.73687
3035.95638,0.73346
3037.8852,0.73109
3039.81402,0.73015
3041.74283,0.73069
3043.67165,0.73169
3045.60046,0.73126
3047.52928,0.72864
3049.4581,0.72451
3051.38691,0.71932
3053.31573,0.71306
3055.24454,0.70723
3057.17336,0.70392
3059.10218,0.7031
3061.03099,0.70282
3062.95981,0.70168
3064.88862,0.69986
3066.81744,0.69753
3068.74626,0.69416
3070.67507,0.68914
3072.60389,0.68316
3074.5327,0.6773
3076.46152,0.67255
3078.39034,0.66962
3080.31915,0.6687
3082.24797,0.66877
3084.17678,0.66811
3086.1056,0.66548
3088.03442,0.661
3089.96323,0.65517
3091.89205,0.64835
3093.82086,0.64142
3095.74968,0.63606
3097.6785,0.63272
3099.60731,0.6311
3101.53613,0.63063
3103.46494,0.63006
3105.39376,0.62756
3107.32258,0.62286
3109.25139,0.61664
3111.18021,0.60938
3113.10902,0.60169
3115.03784,0.59529
3116.96666,0.59136
3118.89547,0.58962
3120.82429,0.58863
3122.7531,0.58725
3124.68192,0.58438
3126.61074,0.57971
3128.53955,0.57308
3130.46837,0.56506
3132.39718,0.55704
3134.326,0.55078
3136.25482,0.54675
3138.18363,0.5446
3140.11245,0.54347
3142.04126,0.5422
3143.97008,0.53941
3145.8989,0.53443
3147.82771,0.52708
3149.75653,0.51849
3151.68534,0.51023
3153.61416,0.50355
3155.54298,0.49871
3157.47179,0.49558
3159.40061,0.49345
3161.32942,0.49135
3163.25824,0.48818
3165.18706,0.48323
3167.11587,0.4763
3169.04469,0.4683
3170.9735,0.46044
3172.90232,0.45355
3174.83114,0.44761
3176.75995,0.44321
3178.68877,0.44073
3180.61758,0.43902
3182.5464,0.4359
3184.47522,0.43071
3186.40403,0.42384
3188.33285,0.41585
3190.26166,0.40744
3192.19048,0.39967
3194.1193,0.39297
3196.04811,0.38782
3197.97693,0.38453
3199.90574,0.38254
3201.83456,0.3802
3203.76338,0.37625
3205.69219,0.37011
3207.62101,0.36219
3209.54982,0.3535
3211.47864,0.34517
3213.40746,0.3383
3215.33627,0.33326
3217.26509,0.32954
3219.1939,0.32661
3221.12272,0.32387
3223.05154,0.32019
3224.98035,0.3143
3226.90917,0.30649
3228.83798,0.29773
3230.7668,0.28937
3232.69562,0.2824
3234.62443,0.27739
3236.55325,0.27412
3238.48206,0.27193
3240.41088,0.26933
3242.3397,0.26483
3244.26851,0.25858
3246.19733,0.25166
3248.12614,0.24417
3250.05496,0.23577
3251.98378,0.22715
3253.91259,0.22007
3255.84141,0.2151
3257.77022,0.21159
3259.69904,0.20808
3261.62786,0.20384
3263.55667,0.19834
3265.48549,0.19164
3267.4143,0.18418
3269.34312,0.17663
3271.27194,0.1695
3273.20075,0.16386
3275.12957,0.16038
3277.05838,0.15889
3278.9872,0.15788
3280.91602,0.15633
3282.84483,0.15376
3284.77365,0.15011
3286.70246,0.1451
3288.63128,0.13928
3290.5601,0.1338
3292.48891,0.1299
3294.41773,0.12763
3296.34654,0.12678
3298.27536,0.12666
3300.20418,0.12658
3302.13299,0.12555
3304.06181,0.12308
3305.99062,0.1189
3307.91944,0.11378
3309.84826,0.1087
3311.77707,0.10453
3313.70589,0.10127
3315.6347,0.09901
3317.56352,0.09721
3319.49234,0.09516
3321.42115,0.0919
3323.34997,0.08721
3325.27878,0.08133
3327.2076,0.07503
3329.13642,0.06886
3331.06523,0.06346
3332.99405,0.05887
3334.92286,0.05576
3336.85168,0.0545
3338.7805,0.05447
3340.70931,0.05426
3342.63813,0.0533
3344.56694,0.05132
3346.49576,0.04852
3348.42458,0.04554
3350.35339,0.04317
3352.28221,0.04163
3354.21102,0.0413
3356.13984,0.04219
3358.06866,0.04391
3359.99747,0.04541
3361.92629,0.04593
3363.8551,0.04495
3365.78392,0.043
3367.71274,0.04086
3369.64155,0.03922
3371.57037,0.03815
3373.49918,0.03802
3375.428,0.03887
3377.35682,0.04063
3379.28563,0.04245
3381.21445,0.04346
3383.14326,0.04316
3385.07208,0.04225
3387.0009,0.04085
3388.92971,0.03881
3390.85853,0.03669
3392.78734,0.03595
3394.71616,0.03656
3396.64498,0.03812
3398.57379,0.04
3400.50261,0.04185
3402.43142,0.04268
3404.36024,0.04246
3406.28906,0.04135
3408.21787,0.03996
3410.14669,0.03884
3412.0755,0.03897
3414.00432,0.04057
3415.93314,0.04274
3417.86195,0.04412
3419.79077,0.04545
3421.71958,0.04756
3423.6484,0.04974
3425.57722,0.05044
3427.50603,0.05009
3429.43485,0.04976
3431.36366,0.05048
3433.29248,0.05251
3435.2213,0.05605
3437.15011,0.06038
3439.07893,0.06474
3441.00774,0.0683
3442.93656,0.06996
3444.86538,0.06931
3446.79419,0.0692
3448.72301,0.07129
3450.65182,0.07468
3452.58064,0.07773
3454.50946,0.08164
3456.43827,0.08648
3458.36709,0.0916
3460.2959,0.09624
3462.22472,0.10056
3464.15354,0.10404
3466.08235,0.10706
3468.01117,0.10995
3469.93998,0.11327
3471.8688,0.11696
3473.79762,0.12223
3475.72643,0.129
3477.65525,0.13546
3479.58406,0.14043
3481.51288,0.14569
3483.4417,0.15123
3485.37051,0.15552
3487.29933,0.15881
3489.22814,0.16321
3491.15696,0.16835
3493.08578,0.17364
3495.01459,0.18062
3496.94341,0.18974
3498.87222,0.1971
3500.80104,0.20138
3502.72986,0.20658
3504.65867,0.21407
3506.58749,0.21891
3508.5163,0.22111
3510.44512,0.22543
3512.37394,0.23356
3514.30275,0.24265
3516.23157,0.25219
3518.16038,0.2616
3520.0892,0.26865
3522.01802,0.27311
3523.94683,0.27639
3525.87565,0.27936
3527.80446,0.28404
3529.73328,0.29186
3531.6621,0.30077
3533.59091,0.30742
3535.51973,0.31571
3537.44854,0.32855
3539.37736,0.34264
3541.30618,0.3514
3543.23499,0.35479
3545.16381,0.35816
3547.09262,0.36458
3549.02144,0.3708
3550.95026,0.3755
3552.87907,0.38222
3554.80789,0.39259
3556.7367,0.40482
3558.66552,0.42073
3560.59434,0.43933
3562.52315,0.44716
3564.45197,0.43979
3566.38078,0.43324
3568.3096,0.44156
3570.23842,0.45671
3572.16723,0.46796
3574.09605,0.47607
3576.02486,0.48478
3577.95368,0.49755
3579.8825,0.51649
3581.81131,0.53515
3583.74013,0.53887
3585.66894,0.53277
3587.59776,0.53373
3589.52658,0.54765
3591.45539,0.55931
3593.38421,0.56568
3595.31302,0.57179
3597.24184,0.58109
3599.17066,0.59371
3601.09947,0.61322
3603.02829,0.63426
3604.9571,0.64453
3606.88592,0.64539
3608.81474,0.64879
3610.74355,0.65729
3612.67237,0.66815
3614.60118,0.6738
3616.53,0.67315
3618.45882,0.67453
3620.38763,0.6974
3622.31645,0.73408
3624.24526,0.7527
3626.17408,0.73629
3628.1029,0.71535
3630.03171,0.71593
3631.96053,0.73082
3633.88934,0.74226
3635.81816,0.75183
3637.74698,0.76563
3639.67579,0.78828
3641.60461,0.82219
3643.53342,0.84605
3645.46224,0.83273
3647.39106,0.79794
3649.31987,0.78346
3651.24869,0.79766
3653.1775,0.80965
3655.10632,0.81073
3657.03514,0.81386
3658.96395,0.82788
3660.89277,0.84691
3662.82158,0.87021
3664.7504,0.89068
3666.67922,0.89625
3668.60803,0.8913
3670.53685,0.88835
3672.46566,0.87444
3674.39448,0.85001
3676.3233,0.84167
3678.25211,0.85699
3680.18093,0.88031
3682.10974,0.90445
3684.03856,0.92087
3685.96738,0.90815
3687.89619,0.87947
3689.82501,0.86544
3691.75382,0.87333
3693.68264,0.88845
3695.61146,0.89846
3697.54027,0.90221
3699.46909,0.89996
3701.3979,0.90235
3703.32672,0.91881
3705.25554,0.93592
3707.18435,0.93178
3709.11317,0.90426
3711.04198,0.88603
3712.9708,0.89246
3714.89962,0.91085
3716.82843,0.92092
3718.75725,0.92237
3720.68606,0.91992
3722.61488,0.91737
3724.5437,0.92189
3726.47251,0.94223
3728.40133,0.96555
3730.33014,0.96342
3732.25896,0.9353
3734.18778,0.91248
3736.11659,0.9211
3738.04541,0.95059
3739.97422,0.97489
3741.90304,0.969
3743.83186,0.95816
3745.76067,0.95445
3747.68949,0.94465
3749.6183,0.91992
3751.54712,0.91215
3753.47594,0.92278
3755.40475,0.92895
3757.33357,0.9253
3759.26238,0.92615
3761.1912,0.9341
3763.12002,0.93892
3765.04883,0.93677
3766.97765,0.92801
3768.90646,0.9228
3770.83528,0.926
3772.7641,0.93701
3774.69291,0.94201
3776.62173,0.93609
3778.55054,0.92865
3780.47936,0.92754
3782.40818,0.92819
3784.33699,0.92698
3786.26581,0.9298
3788.19462,0.93789
3790.12344,0.94734
3792.05226,0.95731
3793.98107,0.9639
3795.90989,0.96595
3797.8387,0.95871
3799.76752,0.94594
3801.69634,0.93722
3803.62515,0.93458
3805.55397,0.93294
3807.48278,0.93634
3809.4116,0.95343
3811.34042,0.97133
3813.26923,0.9725
3815.19805,0.96284
3817.12686,0.95106
3819.05568,0.93607
3820.9845,0.92777
3822.91331,0.93251
3824.84213,0.94379
3826.77094,0.9497
3828.69976,0.95783
3830.62858,0.96712
3832.55739,0.97042
3834.48621,0.96281
3836.41502,0.94408
3838.34384,0.9272
3840.27266,0.92231
3842.20147,0.92991
3844.13029,0.95009
3846.0591,0.98115
3847.98792,1
3849.91674,0.97598
3851.84555,0.92632
3853.77437,0.90677
3855.70318,0.92626
3857.632,0.94997
3859.56082,0.95421
3861.48963,0.95152
3863.41845,0.94978
3865.34726,0.95133
3867.27608,0.94447
3869.2049,0.93377
3871.13371,0.92976
3873.06253,0.93742
3874.99134,0.9466
3876.92016,0.95016
3878.84898,0.94658
3880.77779,0.94178
3882.70661,0.93914
3884.63542,0.93846
3886.56424,0.9397
3888.49306,0.93991
3890.42187,0.93802
3892.35069,0.94527
3894.2795,0.96351
3896.20832,0.97176
3898.13714,0.96083
3900.06595,0.94108
3901.99477,0.92472
3903.92358,0.92038
3905.8524,0.92684
3907.78122,0.93919
3909.71003,0.94728
3911.63885,0.95201
3913.56766,0.9507
3915.49648,0.94625
3917.4253,0.94278
3919.35411,0.94276
3921.28293,0.94262
3923.21174,0.94158
3925.14056,0.94228
3927.06938,0.94272
3928.99819,0.93917
3930.92701,0.93446
3932.85582,0.93517
3934.78464,0.94077
3936.71346,0.94582
3938.64227,0.94608
3940.57109,0.94194
3942.4999,0.93885
3944.42872,0.93767
3946.35754,0.93519
3948.28635,0.9318
3950.21517,0.93222
3952.14398,0.93578
3954.0728,0.93819
3956.00162,0.93863
3957.93043,0.93734
3959.85925,0.93519
3961.78806,0.93438
3963.71688,0.93544
3965.6457,0.93613
3967.57451,0.93531
3969.50333,0.93451
3971.43214,0.9344
3973.36096,0.93508
3975.28978,0.93698
3977.21859,0.939
3979.14741,0.93915
3981.07622,0.93773
3983.00504,0.93649
3984.93386,0.93572
3986.86267,0.93439
3988.79149,0.93307
3990.7203,0.93315
3992.64912,0.93461
3994.57794,0.93679
3996.50675,0.939
3998.43557,0.94044
4000.36438,0.94068
