Wavenumber,Transmittance
399.27173,0.96935
400.23615,0.98068
401.20057,0.98422
402.165,0.98323
403.12942,0.99582
404.09385,0.99851
405.05827,0.98706
406.0227,0.98523
406.98712,1
407.95155,0.99829
408.91597,0.98813
409.88039,0.98543
410.84482,0.99547
411.80924,0.99346
412.77367,0.98433
413.73809,0.9848
414.70252,0.98297
415.66694,0.9845
416.63137,0.97531
417.59579,0.95972
418.56021,0.96235
419.52464,0.98078
420.48906,0.98292
421.45349,0.98237
422.41791,0.98027
423.38234,0.9792
424.34676,0.97659
425.31119,0.9816
426.27561,0.99247
427.24003,0.98519
428.20446,0.98789
429.16888,0.99475
430.13331,0.99022
431.09773,0.98521
432.06216,0.9877
433.02658,0.98711
433.99101,0.9811
434.95543,0.97608
435.91985,0.97869
436.88428,0.98835
437.8487,0.9874
438.81313,0.98463
439.77755,0.98734
440.74198,0.98377
441.7064,0.98367
442.67083,0.98395
443.63525,0.98854
444.59967,0.99161
445.5641,0.98187
446.52852,0.97569
447.49295,0.9832
448.45737,0.98219
449.4218,0.97723
450.38622,0.97883
451.35065,0.9801
452.31507,0.97568
453.27949,0.97685
454.24392,0.98146
455.20834,0.98072
456.17277,0.9703
457.13719,0.95783
458.10162,0.97136
459.06604,0.98197
460.03047,0.97932
460.99489,0.97349
461.95931,0.97139
462.92374,0.9765
463.88816,0.97796
464.85259,0.97497
465.81701,0.9763
466.78144,0.97734
467.74586,0.96879
468.71029,0.96979
469.67471,0.97236
470.63914,0.9672
471.60356,0.95934
472.56798,0.96733
473.53241,0.97693
474.49683,0.97641
475.46126,0.97509
476.42568,0.97888
477.39011,0.97941
478.35453,0.97688
479.31896,0.97827
480.28338,0.97644
481.2478,0.97776
482.21223,0.98099
483.17665,0.97829
484.14108,0.98362
485.1055,0.98528
486.06993,0.9822
487.03435,0.98287
487.99878,0.98342
488.9632,0.98297
489.92762,0.97885
490.89205,0.97436
491.85647,0.97654
492.8209,0.98134
493.78532,0.98255
494.74975,0.98307
495.71417,0.98012
496.6786,0.98004
497.64302,0.98418
498.60744,0.98241
499.57187,0.98203
500.53629,0.97991
501.50072,0.97667
502.46514,0.98131
503.42957,0.98246
504.39399,0.98308
505.35842,0.98096
506.32284,0.97673
507.28726,0.9808
508.25169,0.98219
509.21611,0.97975
510.18054,0.98135
511.14496,0.98339
512.10939,0.98252
513.07381,0.98439
514.03824,0.98429
515.00266,0.98044
515.96708,0.9794
516.93151,0.98469
517.89593,0.98203
518.86036,0.97789
519.82478,0.97922
520.78921,0.97798
521.75363,0.98105
522.71806,0.98189
523.68248,0.97596
524.6469,0.97033
525.61133,0.97221
526.57575,0.98043
527.54018,0.98152
528.5046,0.97767
529.46903,0.974
530.43345,0.97491
531.39788,0.97873
532.3623,0.97965
533.32672,0.97282
534.29115,0.97335
535.25557,0.97991
536.22,0.97903
537.18442,0.97649
538.14885,0.97826
539.11327,0.97811
540.0777,0.97562
541.04212,0.9752
542.00654,0.97974
542.97097,0.98041
543.93539,0.97637
544.89982,0.97773
545.86424,0.98031
546.82867,0.97813
547.79309,0.97654
548.75752,0.97615
549.72194,0.97783
550.68636,0.97975
551.65079,0.97926
552.61521,0.97998
553.57964,0.98079
554.54406,0.97727
555.50849,0.97445
556.47291,0.97409
557.43734,0.97631
558.40176,0.97585
559.36618,0.97429
560.33061,0.97717
561.29503,0.97823
562.25946,0.97435
563.22388,0.97241
564.18831,0.97288
565.15273,0.9717
566.11716,0.97021
567.08158,0.96883
568.04601,0.96695
569.01043,0.96761
569.97485,0.96802
570.93928,0.96616
571.9037,0.96564
572.86813,0.96548
573.83255,0.9636
574.79698,0.96086
575.7614,0.96077
576.72583,0.96242
577.69025,0.96197
578.65467,0.96072
579.6191,0.95891
580.58352,0.95793
581.54795,0.95886
582.51237,0.96007
583.4768,0.95894
584.44122,0.95898
585.40565,0.9616
586.37007,0.96104
587.33449,0.96111
588.29892,0.96322
589.26334,0.96123
590.22777,0.95748
591.19219,0.95527
592.15662,0.95809
593.12104,0.95938
594.08547,0.95956
595.04989,0.96106
596.01431,0.96048
596.97874,0.95918
597.94316,0.96029
598.90759,0.96029
599.87201,0.95847
600.83644,0.95821
601.80086,0.95805
602.76529,0.95881
603.72971,0.95752
604.69413,0.95683
605.65856,0.9576
606.62298,0.95816
607.58741,0.9563
608.55183,0.9546
609.51626,0.95668
610.48068,0.95721
611.44511,0.953
612.40953,0.95251
613.37395,0.95398
614.33838,0.95149
615.3028,0.95222
616.26723,0.95727
617.23165,0.95796
618.19608,0.95585
619.1605,0.95513
620.12493,0.95658
621.08935,0.95687
622.05377,0.95845
623.0182,0.9615
623.98262,0.96192
624.94705,0.96458
625.91147,0.97191
626.8759,0.97706
627.84032,0.96942
628.80475,0.96665
629.76917,0.97109
630.73359,0.97121
631.69802,0.97075
632.66244,0.97354
633.62687,0.97496
634.59129,0.9743
635.55572,0.97553
636.52014,0.97688
637.48457,0.97566
638.44899,0.97649
639.41341,0.97785
640.37784,0.97803
641.34226,0.97827
642.30669,0.97939
643.27111,0.97996
644.23554,0.98051
645.19996,0.98192
646.16439,0.98139
647.12881,0.98191
648.09323,0.98245
649.05766,0.98285
650.02208,0.98327
650.98651,0.98382
651.95093,0.98421
652.91536,0.98431
653.87978,0.98434
654.84421,0.98491
655.80863,0.98631
656.77306,0.98527
657.73748,0.98636
658.7019,0.98759
659.66633,0.98792
660.63075,0.98731
661.59518,0.98818
662.5596,0.98947
663.52403,0.98905
664.48845,0.98669
665.45288,0.98256
666.4173,0.98719
667.38172,0.98927
668.34615,0.99118
669.31057,0.99125
670.275,0.99086
671.23942,0.98687
672.20385,0.9869
673.16827,0.99014
674.1327,0.99159
675.09712,0.98907
676.06154,0.9887
677.02597,0.99088
677.99039,0.99229
678.95482,0.99162
679.91924,0.99246
680.88367,0.99421
681.84809,0.99465
682.81252,0.99451
683.77694,0.99507
684.74136,0.99542
685.70579,0.99677
686.67021,0.99569
687.63464,0.9962
688.59906,0.99693
689.56349,0.99767
690.52791,0.99736
691.49234,0.99818
692.45676,0.99943
693.42118,0.99865
694.38561,0.99657
695.35003,0.99734
696.31446,0.99917
697.27888,0.99813
698.24331,0.99784
699.20773,0.99901
700.17216,0.99889
701.13658,0.99759
702.101,0.99596
703.06543,0.99539
704.02985,0.99474
704.99428,0.99161
705.9587,0.9876
706.92313,0.98566
707.88755,0.98306
708.85198,0.97787
709.8164,0.9715
710.78082,0.96781
711.74525,0.9648
712.70967,0.95887
713.6741,0.95287
714.63852,0.94755
715.60295,0.94006
716.56737,0.92926
717.5318,0.91571
718.49622,0.90234
719.46064,0.89201
720.42507,0.88527
721.38949,0.88288
722.35392,0.88789
723.31834,0.89652
724.28277,0.90353
725.24719,0.90942
726.21162,0.91776
727.17604,0.92516
728.14046,0.92907
729.10489,0.93287
730.06931,0.93904
731.03374,0.9438
731.99816,0.94537
732.96259,0.94749
733.92701,0.95127
734.89144,0.95333
735.85586,0.95345
736.82028,0.95401
737.78471,0.95671
738.74913,0.95921
739.71356,0.95898
740.67798,0.95885
741.64241,0.96111
742.60683,0.96226
743.57126,0.96224
744.53568,0.9633
745.5001,0.96641
746.46453,0.96785
747.42895,0.96679
748.39338,0.96711
749.3578,0.96958
750.32223,0.96955
751.28665,0.96859
752.25108,0.96926
753.2155,0.97093
754.17993,0.97207
755.14435,0.97103
756.10877,0.9705
757.0732,0.97136
758.03762,0.97178
759.00205,0.97049
759.96647,0.9695
760.9309,0.9714
761.89532,0.97173
762.85975,0.97011
763.82417,0.97073
764.78859,0.9724
765.75302,0.97103
766.71744,0.96958
767.68187,0.97072
768.64629,0.97218
769.61072,0.9718
770.57514,0.97069
771.53957,0.97204
772.50399,0.97358
773.46841,0.97167
774.43284,0.96977
775.39726,0.97028
776.36169,0.9711
777.32611,0.96996
778.29054,0.96942
779.25496,0.97066
780.21939,0.97209
781.18381,0.97053
782.14823,0.96979
783.11266,0.97115
784.07708,0.97157
785.04151,0.96986
786.00593,0.97004
786.97036,0.97281
787.93478,0.97356
788.89921,0.97435
789.86363,0.97597
790.82805,0.97643
791.79248,0.97698
792.7569,0.97755
793.72133,0.97708
794.68575,0.97741
795.65018,0.97912
796.6146,0.9791
797.57903,0.97828
798.54345,0.97947
799.50787,0.98063
800.4723,0.97831
801.43672,0.97899
802.40115,0.98177
803.36557,0.98114
804.33,0.97971
805.29442,0.98107
806.25885,0.98374
807.22327,0.98368
808.18769,0.98181
809.15212,0.98231
810.11654,0.983
811.08097,0.98211
812.04539,0.98141
813.00982,0.98162
813.97424,0.98199
814.93867,0.98189
815.90309,0.98086
816.86751,0.98161
817.83194,0.98215
818.79636,0.98094
819.76079,0.97925
820.72521,0.97962
821.68964,0.98054
822.65406,0.97947
823.61849,0.97788
824.58291,0.97847
825.54733,0.98055
826.51176,0.98086
827.47618,0.98094
828.44061,0.98349
829.40503,0.98699
830.36946,0.98838
831.33388,0.98885
832.29831,0.99076
833.26273,0.99092
834.22715,0.98729
835.19158,0.98305
836.156,0.98184
837.12043,0.98071
838.08485,0.97749
839.04928,0.97511
840.0137,0.97544
840.97813,0.97515
841.94255,0.97307
842.90698,0.97172
843.8714,0.97212
844.83582,0.97207
845.80025,0.96999
846.76467,0.96897
847.7291,0.97033
848.69352,0.97117
849.65795,0.96952
850.62237,0.96766
851.5868,0.96878
852.55122,0.96876
853.51564,0.96671
854.48007,0.96574
855.44449,0.96665
856.40892,0.96635
857.37334,0.96413
858.33777,0.96319
859.30219,0.96389
860.26662,0.96249
861.23104,0.95953
862.19546,0.95908
863.15989,0.95957
864.12431,0.95847
865.08874,0.95618
866.05316,0.95518
867.01759,0.95587
867.98201,0.95468
868.94644,0.95194
869.91086,0.95092
870.87528,0.95153
871.83971,0.95058
872.80413,0.94916
873.76856,0.94946
874.73298,0.95079
875.69741,0.94932
876.66183,0.94739
877.62626,0.94837
878.59068,0.94902
879.5551,0.94723
880.51953,0.94552
881.48395,0.94598
882.44838,0.94651
883.4128,0.94483
884.37723,0.94254
885.34165,0.94188
886.30608,0.94171
887.2705,0.93951
888.23492,0.93759
889.19935,0.9378
890.16377,0.93855
891.1282,0.93726
892.09262,0.93686
893.05705,0.93844
894.02147,0.93935
894.9859,0.93755
895.95032,0.93628
896.91474,0.93764
897.87917,0.9381
898.84359,0.93703
899.80802,0.93667
900.77244,0.93744
901.73687,0.93742
902.70129,0.93568
903.66572,0.93434
904.63014,0.93471
905.59456,0.9348
906.55899,0.93304
907.52341,0.93232
908.48784,0.93281
909.45226,0.93289
910.41669,0.93117
911.38111,0.93018
912.34554,0.93122
913.30996,0.93096
914.27438,0.92916
915.23881,0.92868
916.20323,0.92921
917.16766,0.92889
918.13208,0.92759
919.09651,0.92728
920.06093,0.92824
921.02536,0.92855
921.98978,0.92773
922.9542,0.92819
923.91863,0.92933
924.88305,0.92995
925.84748,0.92917
926.8119,0.92903
927.77633,0.93
928.74075,0.9303
929.70518,0.93016
930.6696,0.93132
931.63402,0.93254
932.59845,0.93237
933.56287,0.93208
934.5273,0.933
935.49172,0.93406
936.45615,0.93401
937.42057,0.93397
938.385,0.93545
939.34942,0.93772
940.31385,0.9387
941.27827,0.93839
942.24269,0.93978
943.20712,0.94128
944.17154,0.94126
945.13597,0.94119
946.10039,0.94265
947.06482,0.94413
948.02924,0.94411
948.99367,0.9446
949.95809,0.94612
950.92251,0.94634
951.88694,0.94484
952.85136,0.94393
953.81579,0.9443
954.78021,0.94441
955.74464,0.94332
956.70906,0.94239
957.67349,0.94356
958.63791,0.94381
959.60233,0.94146
960.56676,0.93829
961.53118,0.9371
962.49561,0.93616
963.46003,0.93339
964.42446,0.93108
965.38888,0.93111
966.35331,0.93012
967.31773,0.92715
968.28215,0.92519
969.24658,0.92401
970.211,0.92207
971.17543,0.91886
972.13985,0.91724
973.10428,0.91777
974.0687,0.91673
975.03313,0.91383
975.99755,0.91151
976.96197,0.9105
977.9264,0.90834
978.89082,0.90485
979.85525,0.90244
980.81967,0.9018
981.7841,0.89978
982.74852,0.89692
983.71295,0.89551
984.67737,0.89435
985.64179,0.8911
986.60622,0.88726
987.57064,0.88608
988.53507,0.88566
989.49949,0.8834
990.46392,0.88097
991.42834,0.88018
992.39277,0.87944
993.35719,0.87699
994.32161,0.87391
995.28604,0.87141
996.25046,0.86951
997.21489,0.86628
998.17931,0.86309
999.14374,0.86133
1000.10816,0.85975
1001.07259,0.85668
1002.03701,0.854
1003.00143,0.85335
1003.96586,0.85273
1004.93028,0.8507
1005.89471,0.84898
1006.85913,0.84875
1007.82356,0.84755
1008.78798,0.84401
1009.75241,0.84036
1010.71683,0.83729
1011.68125,0.83326
1012.64568,0.82837
1013.6101,0.82396
1014.57453,0.82012
1015.53895,0.81674
1016.50338,0.81185
1017.4678,0.80718
1018.43223,0.80408
1019.39665,0.80043
1020.36107,0.79526
1021.3255,0.79074
1022.28992,0.78754
1023.25435,0.78449
1024.21877,0.77995
1025.1832,0.77558
1026.14762,0.77242
1027.11205,0.76872
1028.07647,0.76442
1029.0409,0.76083
1030.00532,0.75828
1030.96974,0.75595
1031.93417,0.7524
1032.89859,0.74924
1033.86302,0.74726
1034.82744,0.74496
1035.79187,0.74175
1036.75629,0.73963
1037.72072,0.73896
1038.68514,0.73787
1039.64956,0.73583
1040.61399,0.73445
1041.57841,0.73336
1042.54284,0.73128
1043.50726,0.72855
1044.47169,0.7263
1045.43611,0.72448
1046.40054,0.72201
1047.36496,0.71798
1048.32938,0.71436
1049.29381,0.71109
1050.25823,0.7067
1051.22266,0.70089
1052.18708,0.69578
1053.15151,0.69216
1054.11593,0.68765
1055.08036,0.68184
1056.04478,0.67682
1057.0092,0.67192
1057.97363,0.66582
1058.93805,0.65984
1059.90248,0.65534
1060.8669,0.65128
1061.83133,0.64665
1062.79575,0.64305
1063.76018,0.64131
1064.7246,0.63998
1065.68902,0.63857
1066.65345,0.6368
1067.61787,0.6366
1068.5823,0.63698
1069.54672,0.6364
1070.51115,0.63642
1071.47557,0.63832
1072.44,0.64056
1073.40442,0.64204
1074.36884,0.64397
1075.33327,0.64761
1076.29769,0.65085
1077.26212,0.6528
1078.22654,0.65687
1079.19097,0.66248
1080.15539,0.66726
1081.11982,0.67147
1082.08424,0.67588
1083.04866,0.68171
1084.01309,0.68704
1084.97751,0.69107
1085.94194,0.69564
1086.90636,0.70159
1087.87079,0.70676
1088.83521,0.7113
1089.79964,0.71514
1090.76406,0.71885
1091.72848,0.72148
1092.69291,0.72202
1093.65733,0.72305
1094.62176,0.72439
1095.58618,0.7235
1096.55061,0.72143
1097.51503,0.71963
1098.47946,0.71756
1099.44388,0.7139
1100.4083,0.70931
1101.37273,0.70448
1102.33715,0.69974
1103.30158,0.69463
1104.266,0.68896
1105.23043,0.68295
1106.19485,0.6774
1107.15928,0.67124
1108.1237,0.6653
1109.08812,0.66027
1110.05255,0.65607
1111.01697,0.65179
1111.9814,0.6477
1112.94582,0.6462
1113.91025,0.64622
1114.87467,0.64589
1115.8391,0.64677
1116.80352,0.64939
1117.76795,0.65264
1118.73237,0.65633
1119.69679,0.66034
1120.66122,0.66543
1121.62564,0.67155
1122.59007,0.67744
1123.55449,0.68432
1124.51892,0.69241
1125.48334,0.70148
1126.44777,0.70999
1127.41219,0.71775
1128.37661,0.726
1129.34104,0.73313
1130.30546,0.7365
1131.26989,0.73773
1132.23431,0.73812
1133.19874,0.73709
1134.16316,0.73377
1135.12759,0.72889
1136.09201,0.72323
1137.05643,0.71589
1138.02086,0.70596
1138.98528,0.69531
1139.94971,0.68404
1140.91413,0.6712
1141.87856,0.6564
1142.84298,0.64132
1143.80741,0.62785
1144.77183,0.61522
1145.73625,0.60125
1146.70068,0.58858
1147.6651,0.57841
1148.62953,0.56913
1149.59395,0.55981
1150.55838,0.55151
1151.5228,0.54503
1152.48723,0.53896
1153.45165,0.53272
1154.41607,0.52759
1155.3805,0.52324
1156.34492,0.51871
1157.30935,0.51356
1158.27377,0.50969
1159.2382,0.50766
1160.20262,0.50541
1161.16705,0.50254
1162.13147,0.50123
1163.09589,0.50214
1164.06032,0.50273
1165.02474,0.5021
1165.98917,0.50283
1166.95359,0.50464
1167.91802,0.50537
1168.88244,0.50612
1169.84687,0.50858
1170.81129,0.51133
1171.77571,0.51313
1172.74014,0.51524
1173.70456,0.51979
1174.66899,0.52462
1175.63341,0.52842
1176.59784,0.53177
1177.56226,0.53602
1178.52669,0.54123
1179.49111,0.54588
1180.45553,0.54965
1181.41996,0.55505
1182.38438,0.56088
1183.34881,0.56534
1184.31323,0.57007
1185.27766,0.57592
1186.24208,0.58169
1187.20651,0.58611
1188.17093,0.59088
1189.13535,0.59756
1190.09978,0.60327
1191.0642,0.6076
1192.02863,0.6128
1192.99305,0.61923
1193.95748,0.62552
1194.9219,0.63122
1195.88633,0.63631
1196.85075,0.64287
1197.81517,0.64925
1198.7796,0.65359
1199.74402,0.65744
1200.70845,0.66133
1201.67287,0.66392
1202.6373,0.66437
1203.60172,0.66428
1204.56615,0.66518
1205.53057,0.66577
1206.49499,0.66543
1207.45942,0.66634
1208.42384,0.66901
1209.38827,0.67101
1210.35269,0.67269
1211.31712,0.67506
1212.28154,0.67868
1213.24597,0.68157
1214.21039,0.6838
1215.17482,0.68585
1216.13924,0.68865
1217.10366,0.69086
1218.06809,0.69112
1219.03251,0.69134
1219.99694,0.69259
1220.96136,0.69296
1221.92579,0.69157
1222.89021,0.6901
1223.85464,0.68953
1224.81906,0.68799
1225.78348,0.68501
1226.74791,0.68273
1227.71233,0.68127
1228.67676,0.67907
1229.64118,0.67642
1230.60561,0.67433
1231.57003,0.67403
1232.53446,0.67341
1233.49888,0.67232
1234.4633,0.67262
1235.42773,0.67456
1236.39215,0.6764
1237.35658,0.67811
1238.321,0.68134
1239.28543,0.68601
1240.24985,0.69004
1241.21428,0.69261
1242.1787,0.69587
1243.14312,0.69933
1244.10755,0.70114
1245.07197,0.70224
1246.0364,0.70445
1247.00082,0.70789
1247.96525,0.7102
1248.92967,0.71199
1249.8941,0.71487
1250.85852,0.71793
1251.82294,0.71905
1252.78737,0.71877
1253.75179,0.71882
1254.71622,0.71945
1255.68064,0.71827
1256.64507,0.71607
1257.60949,0.71521
1258.57392,0.7148
1259.53834,0.71496
1260.50276,0.71558
1261.46719,0.7181
1262.43161,0.7216
1263.39604,0.72406
1264.36046,0.72666
1265.32489,0.73029
1266.28931,0.73336
1267.25374,0.7343
1268.21816,0.73483
1269.18258,0.73673
1270.14701,0.73959
1271.11143,0.74289
1272.07586,0.74663
1273.04028,0.75193
1274.00471,0.7573
1274.96913,0.76113
1275.93356,0.76487
1276.89798,0.76898
1277.8624,0.77103
1278.82683,0.77064
1279.79125,0.77057
1280.75568,0.77128
1281.7201,0.7715
1282.68453,0.7708
1283.64895,0.77122
1284.61338,0.773
1285.5778,0.77452
1286.54222,0.77565
1287.50665,0.77771
1288.47107,0.77996
1289.4355,0.78174
1290.39992,0.78183
1291.36435,0.78206
1292.32877,0.78325
1293.2932,0.78283
1294.25762,0.78082
1295.22204,0.77993
1296.18647,0.78007
1297.15089,0.77931
1298.11532,0.77808
1299.07974,0.77788
1300.04417,0.77879
1301.00859,0.77962
1301.97302,0.7801
1302.93744,0.78107
1303.90187,0.78224
1304.86629,0.78229
1305.83071,0.78185
1306.79514,0.78178
1307.75956,0.78213
1308.72399,0.78243
1309.68841,0.78242
1310.65284,0.78246
1311.61726,0.78294
1312.58169,0.78333
1313.54611,0.78367
1314.51053,0.78402
1315.47496,0.78445
1316.43938,0.78486
1317.40381,0.7853
1318.36823,0.78602
1319.33266,0.78677
1320.29708,0.78755
1321.26151,0.78819
1322.22593,0.789
1323.19035,0.78978
1324.15478,0.79
1325.1192,0.78936
1326.08363,0.78961
1327.04805,0.79084
1328.01248,0.79144
1328.9769,0.79245
1329.94133,0.7955
1330.90575,0.7986
1331.87017,0.8008
1332.8346,0.8026
1333.79902,0.8041
1334.76345,0.80245
1335.72787,0.80081
1336.6923,0.79998
1337.65672,0.79979
1338.62115,0.79991
1339.58557,0.80026
1340.54999,0.80074
1341.51442,0.80526
1342.47884,0.80838
1343.44327,0.80672
1344.40769,0.80506
1345.37212,0.80458
1346.33654,0.8034
1347.30097,0.79936
1348.26539,0.7964
1349.22981,0.79493
1350.19424,0.79443
1351.15866,0.79153
1352.12309,0.78841
1353.08751,0.78653
1354.05194,0.78655
1355.01636,0.78482
1355.98079,0.78346
1356.94521,0.78355
1357.90963,0.78165
1358.87406,0.77532
1359.83848,0.77384
1360.80291,0.77146
1361.76733,0.76962
1362.73176,0.76816
1363.69618,0.76731
1364.66061,0.77131
1365.62503,0.76745
1366.58945,0.76146
1367.55388,0.76047
1368.5183,0.7613
1369.48273,0.75844
1370.44715,0.75434
1371.41158,0.74539
1372.376,0.7397
1373.34043,0.73842
1374.30485,0.73445
1375.26927,0.72395
1376.2337,0.71472
1377.19812,0.70841
1378.16255,0.70529
1379.12697,0.70878
1380.0914,0.71535
1381.05582,0.72098
1382.02025,0.72534
1382.98467,0.72989
1383.94909,0.73121
1384.91352,0.72713
1385.87794,0.73015
1386.84237,0.74207
1387.80679,0.75126
1388.77122,0.75269
1389.73564,0.75508
1390.70007,0.75552
1391.66449,0.74946
1392.62891,0.74213
1393.59334,0.74449
1394.55776,0.74612
1395.52219,0.74632
1396.48661,0.74446
1397.45104,0.74524
1398.41546,0.74884
1399.37989,0.75047
1400.34431,0.75237
1401.30874,0.75156
1402.27316,0.74684
1403.23758,0.74571
1404.20201,0.75011
1405.16643,0.75381
1406.13086,0.75324
1407.09528,0.7535
1408.05971,0.75077
1409.02413,0.74828
1409.98856,0.74576
1410.95298,0.74586
1411.9174,0.74393
1412.88183,0.74162
1413.84625,0.73839
1414.81068,0.73391
1415.7751,0.728
1416.73953,0.72213
1417.70395,0.73462
1418.66838,0.75905
1419.6328,0.76151
1420.59722,0.75751
1421.56165,0.75826
1422.52607,0.7689
1423.4905,0.78436
1424.45492,0.78997
1425.41935,0.79591
1426.38377,0.79871
1427.3482,0.79518
1428.31262,0.79615
1429.27704,0.80662
1430.24147,0.80438
1431.20589,0.80024
1432.17032,0.79856
1433.13474,0.79114
1434.09917,0.77297
1435.06359,0.77164
1436.02802,0.78613
1436.99244,0.78589
1437.95686,0.78215
1438.92129,0.77987
1439.88571,0.77685
1440.85014,0.77524
1441.81456,0.77199
1442.77899,0.76771
1443.74341,0.76347
1444.70784,0.75671
1445.67226,0.7457
1446.63668,0.74572
1447.60111,0.74795
1448.56553,0.73793
1449.52996,0.72793
1450.49438,0.71685
1451.45881,0.70676
1452.42323,0.68791
1453.38766,0.66685
1454.35208,0.64055
1455.3165,0.62828
1456.28093,0.63727
1457.24535,0.63827
1458.20978,0.64437
1459.1742,0.64173
1460.13863,0.63673
1461.10305,0.62977
1462.06748,0.61436
1463.0319,0.60251
1463.99632,0.60472
1464.96075,0.59163
1465.92517,0.57879
1466.8896,0.5794
1467.85402,0.58616
1468.81845,0.59752
1469.78287,0.61089
1470.7473,0.64578
1471.71172,0.70052
1472.67614,0.74649
1473.64057,0.75397
1474.60499,0.76669
1475.56942,0.79807
1476.53384,0.80664
1477.49827,0.81026
1478.46269,0.81442
1479.42712,0.81816
1480.39154,0.82661
1481.35596,0.83008
1482.32039,0.83256
1483.28481,0.8332
1484.24924,0.82677
1485.21366,0.82004
1486.17809,0.82462
1487.14251,0.81648
1488.10694,0.80642
1489.07136,0.82209
1490.03579,0.83928
1491.00021,0.83775
1491.96463,0.83325
1492.92906,0.8265
1493.89348,0.81325
1494.85791,0.82109
1495.82233,0.82359
1496.78676,0.81732
1497.75118,0.82507
1498.71561,0.82823
1499.68003,0.82513
1500.64445,0.82852
1501.60888,0.8278
1502.5733,0.81505
1503.53773,0.80725
1504.50215,0.81611
1505.46658,0.82078
1506.431,0.82465
1507.39543,0.82529
1508.35985,0.82807
1509.32427,0.83065
1510.2887,0.82983
1511.25312,0.84103
1512.21755,0.84244
1513.18197,0.83717
1514.1464,0.83306
1515.11082,0.8307
1516.07525,0.84359
1517.03967,0.84812
1518.00409,0.83951
1518.96852,0.84024
1519.93294,0.84654
1520.89737,0.85209
1521.86179,0.85555
1522.82622,0.85171
1523.79064,0.85265
1524.75507,0.85978
1525.71949,0.85644
1526.68391,0.86582
1527.64834,0.87659
1528.61276,0.87449
1529.57719,0.86567
1530.54161,0.85573
1531.50604,0.84478
1532.47046,0.86156
1533.43489,0.86863
1534.39931,0.86242
1535.36373,0.85142
1536.32816,0.82911
1537.29258,0.82639
1538.25701,0.84459
1539.22143,0.84866
1540.18586,0.84463
1541.15028,0.8523
1542.11471,0.85081
1543.07913,0.84343
1544.04355,0.86216
1545.00798,0.87722
1545.9724,0.87086
1546.93683,0.86704
1547.90125,0.86331
1548.86568,0.87777
1549.8301,0.88347
1550.79453,0.87455
1551.75895,0.86422
1552.72337,0.86795
1553.6878,0.8804
1554.65222,0.86108
1555.61665,0.84213
1556.58107,0.85283
1557.5455,0.8596
1558.50992,0.8717
1559.47435,0.88541
1560.43877,0.88071
1561.40319,0.87638
1562.36762,0.87053
1563.33204,0.87453
1564.29647,0.8821
1565.26089,0.87391
1566.22532,0.86174
1567.18974,0.84885
1568.15417,0.85947
1569.11859,0.86971
1570.08301,0.86441
1571.04744,0.86034
1572.01186,0.85395
1572.97629,0.83708
1573.94071,0.83732
1574.90514,0.84854
1575.86956,0.85141
1576.83399,0.84618
1577.79841,0.84173
1578.76283,0.84224
1579.72726,0.84159
1580.69168,0.84159
1581.65611,0.84262
1582.62053,0.84228
1583.58496,0.84101
1584.54938,0.84041
1585.51381,0.8395
1586.47823,0.83647
1587.44266,0.83166
1588.40708,0.82842
1589.3715,0.82521
1590.33593,0.82101
1591.30035,0.81464
1592.26478,0.80715
1593.2292,0.80411
1594.19363,0.79818
1595.15805,0.79231
1596.12248,0.78659
1597.0869,0.77957
1598.05132,0.77166
1599.01575,0.76249
1599.98017,0.75552
1600.9446,0.74776
1601.90902,0.74231
1602.87345,0.73559
1603.83787,0.72687
1604.8023,0.71958
1605.76672,0.71424
1606.73114,0.70519
1607.69557,0.69888
1608.65999,0.6995
1609.62442,0.69388
1610.58884,0.68826
1611.55327,0.68476
1612.51769,0.67837
1613.48212,0.66396
1614.44654,0.66436
1615.41096,0.68063
1616.37539,0.68521
1617.33981,0.67754
1618.30424,0.66913
1619.26866,0.66806
1620.23309,0.66146
1621.19751,0.66224
1622.16194,0.67723
1623.12636,0.68342
1624.09078,0.67858
1625.05521,0.67289
1626.01963,0.67788
1626.98406,0.69245
1627.94848,0.69429
1628.91291,0.69782
1629.87733,0.70209
1630.84176,0.70396
1631.80618,0.69677
1632.7706,0.68922
1633.73503,0.69763
1634.69945,0.7043
1635.66388,0.70517
1636.6283,0.70789
1637.59273,0.7119
1638.55715,0.71651
1639.52158,0.71933
1640.486,0.71877
1641.45042,0.71945
1642.41485,0.71418
1643.37927,0.70135
1644.3437,0.70762
1645.30812,0.71451
1646.27255,0.71841
1647.23697,0.72559
1648.2014,0.72223
1649.16582,0.70582
1650.13024,0.69959
1651.09467,0.71514
1652.05909,0.73159
1653.02352,0.74045
1653.98794,0.73979
1654.95237,0.73399
1655.91679,0.73375
1656.88122,0.73735
1657.84564,0.74098
1658.81006,0.74186
1659.77449,0.73915
1660.73891,0.74483
1661.70334,0.77391
1662.66776,0.78781
1663.63219,0.78865
1664.59661,0.79737
1665.56104,0.79799
1666.52546,0.79376
1667.48988,0.80797
1668.45431,0.82887
1669.41873,0.83234
1670.38316,0.85309
1671.34758,0.85528
1672.31201,0.83781
1673.27643,0.84123
1674.24086,0.87281
1675.20528,0.87578
1676.16971,0.86313
1677.13413,0.85868
1678.09855,0.85356
1679.06298,0.85813
1680.0274,0.84386
1680.99183,0.81916
1681.95625,0.81664
1682.92068,0.83695
1683.8851,0.85272
1684.84953,0.84334
1685.81395,0.8304
1686.77837,0.83185
1687.7428,0.83021
1688.70722,0.83168
1689.67165,0.83304
1690.63607,0.82621
1691.6005,0.81899
1692.56492,0.80037
1693.52935,0.7843
1694.49377,0.80091
1695.45819,0.80074
1696.42262,0.78446
1697.38704,0.76867
1698.35147,0.76837
1699.31589,0.7791
1700.28032,0.77193
1701.24474,0.75518
1702.20917,0.74395
1703.17359,0.7432
1704.13801,0.73452
1705.10244,0.73361
1706.06686,0.73273
1707.03129,0.71601
1707.99571,0.70968
1708.96014,0.70771
1709.92456,0.70022
1710.88899,0.68688
1711.85341,0.67625
1712.81783,0.66911
1713.78226,0.66872
1714.74668,0.65173
1715.71111,0.64514
1716.67553,0.66277
1717.63996,0.67062
1718.60438,0.6669
1719.56881,0.65706
1720.53323,0.64979
1721.49765,0.64046
1722.46208,0.63499
1723.4265,0.62218
1724.39093,0.60726
1725.35535,0.5936
1726.31978,0.57547
1727.2842,0.55273
1728.24863,0.5366
1729.21305,0.52195
1730.17747,0.4893
1731.1419,0.46392
1732.10632,0.45263
1733.07075,0.45595
1734.03517,0.44161
1734.9996,0.41568
1735.96402,0.40306
1736.92845,0.38761
1737.89287,0.37814
1738.85729,0.38016
1739.82172,0.36307
1740.78614,0.35079
1741.75057,0.35393
1742.71499,0.35533
1743.67942,0.35066
1744.64384,0.35083
1745.60827,0.35362
1746.57269,0.35781
1747.53711,0.36462
1748.50154,0.3655
1749.46596,0.3753
1750.43039,0.39867
1751.39481,0.40322
1752.35924,0.409
1753.32366,0.41574
1754.28809,0.42245
1755.25251,0.44031
1756.21693,0.46334
1757.18136,0.47834
1758.14578,0.49335
1759.11021,0.50723
1760.07463,0.53906
1761.03906,0.58321
1762.00348,0.60836
1762.96791,0.63011
1763.93233,0.65429
1764.89675,0.6715
1765.86118,0.68858
1766.8256,0.71991
1767.79003,0.73736
1768.75445,0.73308
1769.71888,0.74475
1770.6833,0.76894
1771.64773,0.80203
1772.61215,0.80236
1773.57658,0.80137
1774.541,0.8175
1775.50542,0.82271
1776.46985,0.82304
1777.43427,0.82428
1778.3987,0.82585
1779.36312,0.83906
1780.32755,0.84586
1781.29197,0.8408
1782.2564,0.84019
1783.22082,0.84869
1784.18524,0.85828
1785.14967,0.85487
1786.11409,0.85573
1787.07852,0.85601
1788.04294,0.85021
1789.00737,0.84641
1789.97179,0.85167
1790.93622,0.85682
1791.90064,0.86173
1792.86506,0.86056
1793.82949,0.86055
1794.79391,0.86498
1795.75834,0.86497
1796.72276,0.86231
1797.68719,0.86518
1798.65161,0.86801
1799.61604,0.8684
1800.58046,0.86973
1801.54488,0.87192
1802.50931,0.87325
1803.47373,0.877
1804.43816,0.87747
1805.40258,0.87624
1806.36701,0.87764
1807.33143,0.87761
1808.29586,0.87765
1809.26028,0.8793
1810.2247,0.88023
1811.18913,0.88109
1812.15355,0.88258
1813.11798,0.88502
1814.0824,0.88611
1815.04683,0.88521
1816.01125,0.88728
1816.97568,0.88795
1817.9401,0.88872
1818.90452,0.88859
1819.86895,0.88723
1820.83337,0.88609
1821.7978,0.88319
1822.76222,0.8831
1823.72665,0.88732
1824.69107,0.88866
1825.6555,0.88676
1826.61992,0.88324
1827.58434,0.88562
1828.54877,0.88864
1829.51319,0.88921
1830.47762,0.88816
1831.44204,0.89014
1832.40647,0.89352
1833.37089,0.89256
1834.33532,0.88991
1835.29974,0.89118
1836.26416,0.89478
1837.22859,0.89462
1838.19301,0.89397
1839.15744,0.89276
1840.12186,0.8887
1841.08629,0.8892
1842.05071,0.89134
1843.01514,0.89476
1843.97956,0.89522
1844.94398,0.89394
1845.90841,0.89424
1846.87283,0.8963
1847.83726,0.89655
1848.80168,0.89808
1849.76611,0.89978
1850.73053,0.89958
1851.69496,0.90059
1852.65938,0.90045
1853.6238,0.89969
1854.58823,0.8988
1855.55265,0.89886
1856.51708,0.89905
1857.4815,0.8992
1858.44593,0.89809
1859.41035,0.89881
1860.37478,0.90003
1861.3392,0.89872
1862.30363,0.89738
1863.26805,0.89518
1864.23247,0.89519
1865.1969,0.89614
1866.16132,0.89664
1867.12575,0.89751
1868.09017,0.89846
1869.0546,0.89858
1870.01902,0.89827
1870.98345,0.89948
1871.94787,0.90145
1872.91229,0.90163
1873.87672,0.90163
1874.84114,0.90265
1875.80557,0.9024
1876.76999,0.90163
1877.73442,0.90168
1878.69884,0.90277
1879.66327,0.90177
1880.62769,0.90125
1881.59211,0.90034
1882.55654,0.90066
1883.52096,0.90089
1884.48539,0.90058
1885.44981,0.89967
1886.41424,0.89894
1887.37866,0.89956
1888.34309,0.90023
1889.30751,0.90009
1890.27193,0.89984
1891.23636,0.89955
1892.20078,0.89867
1893.16521,0.89923
1894.12963,0.89962
1895.09406,0.89933
1896.05848,0.89906
1897.02291,0.90039
1897.98733,0.9009
1898.95175,0.90083
1899.91618,0.89994
1900.8806,0.89997
1901.84503,0.89982
1902.80945,0.89991
1903.77388,0.89922
1904.7383,0.89884
1905.70273,0.89899
1906.66715,0.89896
1907.63157,0.89845
1908.596,0.89886
1909.56042,0.89918
1910.52485,0.89887
1911.48927,0.89972
1912.4537,0.90079
1913.41812,0.89975
1914.38255,0.89751
1915.34697,0.89707
1916.31139,0.8983
1917.27582,0.8987
1918.24024,0.8982
1919.20467,0.89743
1920.16909,0.89713
1921.13352,0.8983
1922.09794,0.89858
1923.06237,0.8982
1924.02679,0.89821
1924.99121,0.90012
1925.95564,0.89903
1926.92006,0.8986
1927.88449,0.89908
1928.84891,0.89927
1929.81334,0.89823
1930.77776,0.89812
1931.74219,0.89931
1932.70661,0.89868
1933.67103,0.89827
1934.63546,0.89844
1935.59988,0.89902
1936.56431,0.89904
1937.52873,0.89809
1938.49316,0.89712
1939.45758,0.89695
1940.42201,0.89746
1941.38643,0.89786
1942.35085,0.89767
1943.31528,0.89745
1944.2797,0.89775
1945.24413,0.89768
1946.20855,0.89757
1947.17298,0.89784
1948.1374,0.89839
1949.10183,0.89804
1950.06625,0.89842
1951.03067,0.89839
1951.9951,0.89757
1952.95952,0.89688
1953.92395,0.89716
1954.88837,0.89696
1955.8528,0.89699
1956.81722,0.89684
1957.78165,0.89675
1958.74607,0.89698
1959.7105,0.89694
1960.67492,0.89651
1961.63934,0.89616
1962.60377,0.89589
1963.56819,0.89587
1964.53262,0.89608
1965.49704,0.89633
1966.46147,0.89643
1967.42589,0.89633
1968.39032,0.89621
1969.35474,0.89662
1970.31916,0.89685
1971.28359,0.89678
1972.24801,0.89647
1973.21244,0.89649
1974.17686,0.89655
1975.14129,0.89641
1976.10571,0.89612
1977.07014,0.89628
1978.03456,0.89628
1978.99898,0.89622
1979.96341,0.89593
1980.92783,0.89614
1981.89226,0.89627
1982.85668,0.89607
1983.82111,0.89554
1984.78553,0.89509
1985.74996,0.89487
1986.71438,0.89496
1987.6788,0.89476
1988.64323,0.89435
1989.60765,0.89431
1990.57208,0.89456
1991.5365,0.89445
1992.50093,0.89426
1993.46535,0.8942
1994.42978,0.89419
1995.3942,0.89354
1996.35862,0.89403
1997.32305,0.89439
1998.28747,0.89404
1999.2519,0.89393
2000.21632,0.89451
2001.18075,0.89504
2002.14517,0.89431
2003.1096,0.89392
2004.07402,0.89445
2005.03844,0.89488
2006.00287,0.89451
2006.96729,0.89439
2007.93172,0.89496
2008.89614,0.89524
2009.86057,0.89464
2010.82499,0.89425
2011.78942,0.89453
2012.75384,0.89347
2013.71826,0.89088
2014.68269,0.89092
2015.64711,0.89425
2016.61154,0.89322
2017.57596,0.89177
2018.54039,0.89198
2019.50481,0.89221
2020.46924,0.89223
2021.43366,0.89158
2022.39808,0.89151
2023.36251,0.89147
2024.32693,0.89138
2025.29136,0.89093
2026.25578,0.89095
2027.22021,0.89123
2028.18463,0.89108
2029.14906,0.89057
2030.11348,0.89083
2031.0779,0.89161
2032.04233,0.89149
2033.00675,0.89067
2033.97118,0.89094
2034.9356,0.89182
2035.90003,0.89158
2036.86445,0.89083
2037.82888,0.89049
2038.7933,0.89066
2039.75772,0.89196
2040.72215,0.89174
2041.68657,0.8911
2042.651,0.89238
2043.61542,0.89219
2044.57985,0.89167
2045.54427,0.89223
2046.5087,0.89267
2047.47312,0.89232
2048.43755,0.89171
2049.40197,0.89189
2050.36639,0.8922
2051.33082,0.8915
2052.29524,0.89083
2053.25967,0.89098
2054.22409,0.89135
2055.18852,0.89101
2056.15294,0.89039
2057.11737,0.89045
2058.08179,0.89053
2059.04621,0.89042
2060.01064,0.88989
2060.97506,0.88922
2061.93949,0.88856
2062.90391,0.88889
2063.86834,0.89029
2064.83276,0.89035
2065.79719,0.89047
2066.76161,0.89052
2067.72603,0.89043
2068.69046,0.89094
2069.65488,0.89144
2070.61931,0.89115
2071.58373,0.89085
2072.54816,0.89145
2073.51258,0.89178
2074.47701,0.89146
2075.44143,0.8913
2076.40585,0.89176
2077.37028,0.8919
2078.3347,0.8913
2079.29913,0.89103
2080.26355,0.89163
2081.22798,0.89183
2082.1924,0.89128
2083.15683,0.89091
2084.12125,0.89117
2085.08567,0.89115
2086.0501,0.89007
2087.01452,0.88934
2087.97895,0.89007
2088.94337,0.89063
2089.9078,0.88959
2090.87222,0.88961
2091.83665,0.89067
2092.80107,0.89049
2093.76549,0.88978
2094.72992,0.88978
2095.69434,0.89037
2096.65877,0.89021
2097.62319,0.88994
2098.58762,0.89016
2099.55204,0.89086
2100.51647,0.891
2101.48089,0.89044
2102.44531,0.89072
2103.40974,0.89138
2104.37416,0.89128
2105.33859,0.89092
2106.30301,0.89144
2107.26744,0.89216
2108.23186,0.89178
2109.19629,0.89141
2110.16071,0.8917
2111.12513,0.89199
2112.08956,0.89147
2113.05398,0.89138
2114.01841,0.89169
2114.98283,0.89177
2115.94726,0.89131
2116.91168,0.89092
2117.87611,0.89122
2118.84053,0.89141
2119.80495,0.89045
2120.76938,0.88966
2121.7338,0.89014
2122.69823,0.8906
2123.66265,0.89002
2124.62708,0.88959
2125.5915,0.89011
2126.55593,0.89042
2127.52035,0.88991
2128.48477,0.88989
2129.4492,0.89021
2130.41362,0.89052
2131.37805,0.89017
2132.34247,0.89009
2133.3069,0.89043
2134.27132,0.89072
2135.23575,0.89026
2136.20017,0.88975
2137.16459,0.89052
2138.12902,0.89119
2139.09344,0.89068
2140.05787,0.89055
2141.02229,0.89142
2141.98672,0.89179
2142.95114,0.89117
2143.91557,0.89093
2144.87999,0.89122
2145.84442,0.89121
2146.80884,0.89052
2147.77326,0.89023
2148.73769,0.89012
2149.70211,0.88996
2150.66654,0.88954
2151.63096,0.88948
2152.59539,0.88977
2153.55981,0.88968
2154.52424,0.88879
2155.48866,0.88859
2156.45308,0.88911
2157.41751,0.88925
2158.38193,0.88858
2159.34636,0.88848
2160.31078,0.88926
2161.27521,0.88949
2162.23963,0.88881
2163.20406,0.88875
2164.16848,0.88891
2165.1329,0.88883
2166.09733,0.88837
2167.06175,0.88851
2168.02618,0.88903
2168.9906,0.88914
2169.95503,0.88865
2170.91945,0.88906
2171.88388,0.88989
2172.8483,0.89004
2173.81272,0.88962
2174.77715,0.88987
2175.74157,0.89054
2176.706,0.89058
2177.67042,0.88986
2178.63485,0.88973
2179.59927,0.88983
2180.5637,0.88921
2181.52812,0.88839
2182.49254,0.88863
2183.45697,0.88887
2184.42139,0.88853
2185.38582,0.88793
2186.35024,0.8882
2187.31467,0.88867
2188.27909,0.88855
2189.24352,0.88789
2190.20794,0.88826
2191.17236,0.88883
2192.13679,0.88839
2193.10121,0.88774
2194.06564,0.88802
2195.03006,0.88827
2195.99449,0.88766
2196.95891,0.88708
2197.92334,0.88779
2198.88776,0.88796
2199.85218,0.8875
2200.81661,0.8874
2201.78103,0.88824
2202.74546,0.88869
2203.70988,0.88856
2204.67431,0.8885
2205.63873,0.88936
2206.60316,0.88969
2207.56758,0.88927
2208.532,0.88897
2209.49643,0.88929
2210.46085,0.88925
2211.42528,0.88854
2212.3897,0.88808
2213.35413,0.88874
2214.31855,0.8885
2215.28298,0.88764
2216.2474,0.88756
2217.21182,0.88819
2218.17625,0.88786
2219.14067,0.88718
2220.1051,0.88695
2221.06952,0.88758
2222.03395,0.88748
2222.99837,0.88719
2223.9628,0.88731
2224.92722,0.88783
2225.89164,0.88767
2226.85607,0.88714
2227.82049,0.88694
2228.78492,0.88741
2229.74934,0.88707
2230.71377,0.88644
2231.67819,0.88663
2232.64262,0.8875
2233.60704,0.8874
2234.57147,0.88702
2235.53589,0.88707
2236.50031,0.88779
2237.46474,0.88785
2238.42916,0.88801
2239.39359,0.88796
2240.35801,0.88835
2241.32244,0.88826
2242.28686,0.88816
2243.25129,0.88785
2244.21571,0.88801
2245.18013,0.88751
2246.14456,0.88698
2247.10898,0.88681
2248.07341,0.8873
2249.03783,0.88688
2250.00226,0.88655
2250.96668,0.88646
2251.93111,0.88636
2252.89553,0.88622
2253.85995,0.88608
2254.82438,0.88597
2255.7888,0.88586
2256.75323,0.88574
2257.71765,0.88563
2258.68208,0.88558
2259.6465,0.88553
2260.61093,0.88548
2261.57535,0.88544
2262.53977,0.88542
2263.5042,0.88543
2264.46862,0.88543
2265.43305,0.88542
2266.39747,0.88544
2267.3619,0.88545
2268.32632,0.8854
2269.29075,0.88533
2270.25517,0.88527
2271.21959,0.88518
2272.18402,0.88504
2273.14844,0.88491
2274.11287,0.8848
2275.07729,0.88467
2276.04172,0.88453
2277.00614,0.8844
2277.97057,0.8843
2278.93499,0.88417
2279.89941,0.88401
2280.86384,0.88382
2281.82826,0.88365
2282.79269,0.88346
2283.75711,0.88319
2284.72154,0.88293
2285.68596,0.88266
2286.65039,0.88237
2287.61481,0.88201
2288.57923,0.88164
2289.54366,0.88129
2290.50808,0.88085
2291.47251,0.88043
2292.43693,0.87995
2293.40136,0.87957
2294.36578,0.87908
2295.33021,0.87872
2296.29463,0.87826
2297.25905,0.87793
2298.22348,0.87749
2299.1879,0.87714
2300.15233,0.87673
2301.11675,0.87631
2302.08118,0.87583
2303.0456,0.87526
2304.01003,0.8747
2304.97445,0.87413
2305.93887,0.87359
2306.9033,0.87297
2307.86772,0.8725
2308.83215,0.87197
2309.79657,0.87163
2310.761,0.87115
2311.72542,0.87081
2312.68985,0.87034
2313.65427,0.86997
2314.61869,0.86956
2315.58312,0.86925
2316.54754,0.86902
2317.51197,0.86882
2318.47639,0.86868
2319.44082,0.86849
2320.40524,0.86836
2321.36967,0.86815
2322.33409,0.86811
2323.29852,0.86799
2324.26294,0.86787
2325.22736,0.86774
2326.19179,0.86773
2327.15621,0.86776
2328.12064,0.86781
2329.08506,0.868
2330.04949,0.86832
2331.01391,0.86889
2331.97834,0.86955
2332.94276,0.8701
2333.90718,0.87031
2334.87161,0.87011
2335.83603,0.86969
2336.80046,0.86934
2337.76488,0.86919
2338.72931,0.86904
2339.69373,0.86877
2340.65816,0.86857
2341.62258,0.86841
2342.587,0.86835
2343.55143,0.86839
2344.51585,0.86847
2345.48028,0.86828
2346.4447,0.86757
2347.40913,0.86653
2348.37355,0.86626
2349.33798,0.86661
2350.3024,0.86676
2351.26682,0.86673
2352.23125,0.8667
2353.19567,0.8669
2354.1601,0.86695
2355.12452,0.86698
2356.08895,0.86693
2357.05337,0.8668
2358.0178,0.86643
2358.98222,0.86614
2359.94664,0.86625
2360.91107,0.86688
2361.87549,0.86762
2362.83992,0.8682
2363.80434,0.86878
2364.76877,0.86944
2365.73319,0.87013
2366.69762,0.87069
2367.66204,0.87131
2368.62646,0.87193
2369.59089,0.87253
2370.55531,0.87296
2371.51974,0.87341
2372.48416,0.8738
2373.44859,0.87418
2374.41301,0.87447
2375.37744,0.87475
2376.34186,0.87498
2377.30628,0.87522
2378.27071,0.87541
2379.23513,0.87561
2380.19956,0.87577
2381.16398,0.87597
2382.12841,0.87615
2383.09283,0.87634
2384.05726,0.87652
2385.02168,0.87668
2385.9861,0.87676
2386.95053,0.8768
2387.91495,0.87684
2388.87938,0.87686
2389.8438,0.87683
2390.80823,0.87675
2391.77265,0.87677
2392.73708,0.87682
2393.7015,0.87683
2394.66592,0.87679
2395.63035,0.87783
2396.59477,0.87734
2397.5592,0.87709
2398.52362,0.87672
2399.48805,0.87677
2400.45247,0.8767
2401.4169,0.87665
2402.38132,0.87601
2403.34574,0.87632
2404.31017,0.87624
2405.27459,0.87602
2406.23902,0.8759
2407.20344,0.87648
2408.16787,0.87639
2409.13229,0.87619
2410.09672,0.87596
2411.06114,0.87669
2412.02556,0.87672
2412.98999,0.87619
2413.95441,0.87594
2414.91884,0.87649
2415.88326,0.87592
2416.84769,0.87514
2417.81211,0.8746
2418.77654,0.87461
2419.74096,0.87422
2420.70539,0.87358
2421.66981,0.87326
2422.63423,0.87364
2423.59866,0.87341
2424.56308,0.87327
2425.52751,0.87299
2426.49193,0.87352
2427.45636,0.8738
2428.42078,0.87379
2429.38521,0.87391
2430.34963,0.87477
2431.31405,0.87475
2432.27848,0.87453
2433.2429,0.87443
2434.20733,0.87447
2435.17175,0.87386
2436.13618,0.87324
2437.1006,0.87295
2438.06503,0.87307
2439.02945,0.87279
2439.99387,0.87259
2440.9583,0.87226
2441.92272,0.87239
2442.88715,0.87224
2443.85157,0.87212
2444.816,0.87208
2445.78042,0.87257
2446.74485,0.87247
2447.70927,0.87227
2448.67369,0.87225
2449.63812,0.87254
2450.60254,0.87203
2451.56697,0.87134
2452.53139,0.87114
2453.49582,0.87133
2454.46024,0.87083
2455.42467,0.87016
2456.38909,0.86993
2457.35351,0.87007
2458.31794,0.86976
2459.28236,0.86965
2460.24679,0.86954
2461.21121,0.86987
2462.17564,0.86984
2463.14006,0.86988
2464.10449,0.87018
2465.06891,0.87092
2466.03333,0.8707
2466.99776,0.87038
2467.96218,0.87065
2468.92661,0.87098
2469.89103,0.87028
2470.85546,0.8695
2471.81988,0.86927
2472.78431,0.86912
2473.74873,0.86833
2474.71315,0.868
2475.67758,0.8678
2476.642,0.86766
2477.60643,0.86721
2478.57085,0.86718
2479.53528,0.86747
2480.4997,0.86771
2481.46413,0.86694
2482.42855,0.86689
2483.39297,0.8672
2484.3574,0.86728
2485.32182,0.86654
2486.28625,0.8662
2487.25067,0.86651
2488.2151,0.86645
2489.17952,0.86551
2490.14395,0.86508
2491.10837,0.86509
2492.07279,0.8648
2493.03722,0.86437
2494.00164,0.86452
2494.96607,0.86462
2495.93049,0.86465
2496.89492,0.8642
2497.85934,0.86446
2498.82377,0.86496
2499.78819,0.8651
2500.75261,0.86461
2501.71704,0.86482
2502.68146,0.86529
2503.64589,0.86532
2504.61031,0.86471
2505.57474,0.86466
2506.53916,0.86457
2507.50359,0.86388
2508.46801,0.86304
2509.43244,0.86289
2510.39686,0.86259
2511.36128,0.86202
2512.32571,0.86148
2513.29013,0.86152
2514.25456,0.86176
2515.21898,0.86176
2516.18341,0.86119
2517.14783,0.86133
2518.11226,0.86157
2519.07668,0.86162
2520.0411,0.86126
2521.00553,0.86139
2521.96995,0.86133
2522.93438,0.86086
2523.8988,0.86029
2524.86323,0.86036
2525.82765,0.8602
2526.79208,0.85963
2527.7565,0.85933
2528.72092,0.8594
2529.68535,0.85935
2530.64977,0.8594
2531.6142,0.85928
2532.57862,0.85959
2533.54305,0.85978
2534.50747,0.85975
2535.4719,0.85973
2536.43632,0.86032
2537.40074,0.8605
2538.36517,0.86034
2539.32959,0.86004
2540.29402,0.86027
2541.25844,0.8601
2542.22287,0.85949
2543.18729,0.85914
2544.15172,0.8592
2545.11614,0.85878
2546.08056,0.85808
2547.04499,0.85752
2548.00941,0.85749
2548.97384,0.85734
2549.93826,0.85702
2550.90269,0.85684
2551.86711,0.85724
2552.83154,0.85741
2553.79596,0.85733
2554.76038,0.85723
2555.72481,0.85768
2556.68923,0.85765
2557.65366,0.85709
2558.61808,0.85672
2559.58251,0.85702
2560.54693,0.85679
2561.51136,0.85608
2562.47578,0.85573
2563.4402,0.85592
2564.40463,0.85572
2565.36905,0.85526
2566.33348,0.85513
2567.2979,0.8553
2568.26233,0.85508
2569.22675,0.85471
2570.19118,0.85463
2571.1556,0.85493
2572.12002,0.85485
2573.08445,0.85452
2574.04887,0.85424
2575.0133,0.85464
2575.97772,0.85444
2576.94215,0.85376
2577.90657,0.85358
2578.871,0.8535
2579.83542,0.85271
2580.79984,0.85196
2581.76427,0.8516
2582.72869,0.85147
2583.69312,0.85094
2584.65754,0.85046
2585.62197,0.85048
2586.58639,0.85073
2587.55082,0.85037
2588.51524,0.85023
2589.47966,0.85042
2590.44409,0.85094
2591.40851,0.85086
2592.37294,0.85084
2593.33736,0.85116
2594.30179,0.85141
2595.26621,0.85079
2596.23064,0.85054
2597.19506,0.85076
2598.15948,0.85074
2599.12391,0.85007
2600.08833,0.84976
2601.05276,0.84995
2602.01718,0.8498
2602.98161,0.84918
2603.94603,0.8489
2604.91046,0.84894
2605.87488,0.84901
2606.83931,0.84855
2607.80373,0.84841
2608.76815,0.84858
2609.73258,0.84881
2610.697,0.84845
2611.66143,0.8482
2612.62585,0.84833
2613.59028,0.84815
2614.5547,0.84748
2615.51913,0.84727
2616.48355,0.84717
2617.44797,0.84678
2618.4124,0.84604
2619.37682,0.84581
2620.34125,0.84583
2621.30567,0.8456
2622.2701,0.84505
2623.23452,0.84499
2624.19895,0.84518
2625.16337,0.84548
2626.12779,0.84531
2627.09222,0.84551
2628.05664,0.84608
2629.02107,0.84625
2629.98549,0.84573
2630.94992,0.84573
2631.91434,0.84582
2632.87877,0.84562
2633.84319,0.84512
2634.80761,0.845
2635.77204,0.84501
2636.73646,0.84456
2637.70089,0.84398
2638.66531,0.84387
2639.62974,0.84381
2640.59416,0.84367
2641.55859,0.84316
2642.52301,0.84289
2643.48743,0.84303
2644.45186,0.843
2645.41628,0.84237
2646.38071,0.84236
2647.34513,0.84253
2648.30956,0.8424
2649.27398,0.8419
2650.23841,0.84187
2651.20283,0.84213
2652.16725,0.84174
2653.13168,0.84105
2654.0961,0.84102
2655.06053,0.84084
2656.02495,0.84033
2656.98938,0.83981
2657.9538,0.83962
2658.91823,0.83972
2659.88265,0.83967
2660.84707,0.83926
2661.8115,0.83947
2662.77592,0.83965
2663.74035,0.83937
2664.70477,0.83888
2665.6692,0.83919
2666.63362,0.83942
2667.59805,0.83899
2668.56247,0.83858
2669.52689,0.8388
2670.49132,0.83869
2671.45574,0.83808
2672.42017,0.83785
2673.38459,0.83817
2674.34902,0.83803
2675.31344,0.83758
2676.27787,0.83725
2677.24229,0.83737
2678.20671,0.83744
2679.17114,0.83711
2680.13556,0.83677
2681.09999,0.83725
2682.06441,0.8376
2683.02884,0.8377
2683.99326,0.83774
2684.95769,0.83817
2685.92211,0.83837
2686.88653,0.83821
2687.85096,0.83841
2688.81538,0.83905
2689.77981,0.83907
2690.74423,0.83887
2691.70866,0.83914
2692.67308,0.83965
2693.63751,0.83975
2694.60193,0.83956
2695.56636,0.83958
2696.53078,0.84011
2697.4952,0.84032
2698.45963,0.84058
2699.42405,0.84091
2700.38848,0.84135
2701.3529,0.84135
2702.31733,0.84102
2703.28175,0.84109
2704.24618,0.84145
2705.2106,0.84102
2706.17502,0.84071
2707.13945,0.84074
2708.10387,0.84062
2709.0683,0.84006
2710.03272,0.83947
2710.99715,0.83925
2711.96157,0.83901
2712.926,0.83843
2713.89042,0.83809
2714.85484,0.83781
2715.81927,0.83759
2716.78369,0.83724
2717.74812,0.83694
2718.71254,0.83693
2719.67697,0.83692
2720.64139,0.83651
2721.60582,0.83621
2722.57024,0.8362
2723.53466,0.83593
2724.49909,0.83515
2725.46351,0.83472
2726.42794,0.83475
2727.39236,0.83447
2728.35679,0.83391
2729.32121,0.8338
2730.28564,0.83377
2731.25006,0.83405
2732.21448,0.83402
2733.17891,0.83413
2734.14333,0.83439
2735.10776,0.83476
2736.07218,0.83469
2737.03661,0.83469
2738.00103,0.83497
2738.96546,0.83529
2739.92988,0.83514
2740.8943,0.835
2741.85873,0.83521
2742.82315,0.83515
2743.78758,0.83482
2744.752,0.83465
2745.71643,0.83451
2746.68085,0.83437
2747.64528,0.8338
2748.6097,0.83351
2749.57412,0.83354
2750.53855,0.83353
2751.50297,0.83314
2752.4674,0.83289
2753.43182,0.83273
2754.39625,0.83295
2755.36067,0.83249
2756.3251,0.83217
2757.28952,0.83247
2758.25394,0.83246
2759.21837,0.83202
2760.18279,0.83191
2761.14722,0.83211
2762.11164,0.83173
2763.07607,0.83096
2764.04049,0.83083
2765.00492,0.83083
2765.96934,0.83051
2766.93376,0.82971
2767.89819,0.82912
2768.86261,0.82867
2769.82704,0.82837
2770.79146,0.82769
2771.75589,0.82715
2772.72031,0.82665
2773.68474,0.82571
2774.64916,0.8247
2775.61358,0.82436
2776.57801,0.82376
2777.54243,0.82228
2778.50686,0.82107
2779.47128,0.82076
2780.43571,0.82026
2781.40013,0.81897
2782.36456,0.81776
2783.32898,0.81724
2784.2934,0.81657
2785.25783,0.81541
2786.22225,0.81427
2787.18668,0.81366
2788.1511,0.81275
2789.11553,0.81167
2790.07995,0.81068
2791.04438,0.81027
2792.0088,0.80952
2792.97323,0.80814
2793.93765,0.80708
2794.90207,0.80651
2795.8665,0.80562
2796.83092,0.80417
2797.79535,0.80288
2798.75977,0.80205
2799.7242,0.80089
2800.68862,0.79918
2801.65305,0.79765
2802.61747,0.79641
2803.58189,0.79465
2804.54632,0.79307
2805.51074,0.7917
2806.47517,0.79049
2807.43959,0.78872
2808.40402,0.78675
2809.36844,0.78491
2810.33287,0.78333
2811.29729,0.78154
2812.26171,0.77956
2813.22614,0.77768
2814.19056,0.77603
2815.15499,0.77397
2816.11941,0.77151
2817.08384,0.76942
2818.04826,0.76731
2819.01269,0.76449
2819.97711,0.76167
2820.94153,0.75895
2821.90596,0.75623
2822.87038,0.75301
2823.83481,0.74954
2824.79923,0.74581
2825.76366,0.74214
2826.72808,0.73784
2827.69251,0.73282
2828.65693,0.72771
2829.62135,0.72226
2830.58578,0.71571
2831.5502,0.70791
2832.51463,0.69917
2833.47905,0.68949
2834.44348,0.6777
2835.4079,0.66379
2836.37233,0.64785
2837.33675,0.62918
2838.30117,0.60709
2839.2656,0.58192
2840.23002,0.55301
2841.19445,0.52045
2842.15887,0.48426
2843.1233,0.44532
2844.08772,0.40456
2845.05215,0.36348
2846.01657,0.32291
2846.98099,0.28497
2847.94542,0.2517
2848.90984,0.22452
2849.87427,0.20424
2850.83869,0.19139
2851.80312,0.18656
2852.76754,0.18918
2853.73197,0.19766
2854.69639,0.21197
2855.66081,0.23031
2856.62524,0.25121
2857.58966,0.27379
2858.55409,0.29765
2859.51851,0.32192
2860.48294,0.34602
2861.44736,0.36843
2862.41179,0.3892
2863.37621,0.40769
2864.34063,0.42309
2865.30506,0.43472
2866.26948,0.44297
2867.23391,0.44867
2868.19833,0.45216
2869.16276,0.45394
2870.12718,0.45611
2871.09161,0.45975
2872.05603,0.46504
2873.02045,0.4721
2873.98488,0.48141
2874.9493,0.49154
2875.91373,0.50121
2876.87815,0.50915
2877.84258,0.51583
2878.807,0.52064
2879.77143,0.52327
2880.73585,0.52355
2881.70028,0.52232
2882.6647,0.51975
2883.62912,0.51537
2884.59355,0.50951
2885.55797,0.50293
2886.5224,0.49582
2887.48682,0.48767
2888.45125,0.47862
2889.41567,0.46969
2890.3801,0.46028
2891.34452,0.45028
2892.30894,0.44027
2893.27337,0.43049
2894.23779,0.42045
2895.20222,0.41051
2896.16664,0.40033
2897.13107,0.39014
2898.09549,0.37956
2899.05992,0.36881
2900.02434,0.35783
2900.98876,0.34681
2901.95319,0.33537
2902.91761,0.32311
2903.88204,0.31011
2904.84646,0.29681
2905.81089,0.28205
2906.77531,0.26574
2907.73974,0.24844
2908.70416,0.22966
2909.66858,0.20903
2910.63301,0.18737
2911.59743,0.16443
2912.56186,0.14144
2913.52628,0.11814
2914.49071,0.09544
2915.45513,0.07416
2916.41956,0.05491
2917.38398,0.0381
2918.3484,0.0244
2919.31283,0.01346
2920.27725,0.0061
2921.24168,0.00167
2922.2061,0
2923.17053,0.00113
2924.13495,0.00484
2925.09938,0.01078
2926.0638,0.01871
2927.02822,0.02813
2927.99265,0.03915
2928.95707,0.05142
2929.9215,0.0651
2930.88592,0.07959
2931.85035,0.09527
2932.81477,0.11207
2933.7792,0.12982
2934.74362,0.14787
2935.70804,0.16682
2936.67247,0.18596
2937.63689,0.20473
2938.60132,0.22304
2939.56574,0.24091
2940.53017,0.25776
2941.49459,0.27325
2942.45902,0.28727
2943.42344,0.29989
2944.38786,0.31012
2945.35229,0.31778
2946.31671,0.32307
2947.28114,0.32602
2948.24556,0.32597
2949.20999,0.32376
2950.17441,0.31993
2951.13884,0.31544
2952.10326,0.31096
2953.06768,0.30737
2954.03211,0.30517
2954.99653,0.30583
2955.96096,0.30863
2956.92538,0.31361
2957.88981,0.32117
2958.85423,0.33089
2959.81866,0.34206
2960.78308,0.35486
2961.7475,0.36943
2962.71193,0.38555
2963.67635,0.40215
2964.64078,0.41965
2965.6052,0.43809
2966.56963,0.45647
2967.53405,0.47414
2968.49848,0.49151
2969.4629,0.50813
2970.42732,0.52393
2971.39175,0.53817
2972.35617,0.5511
2973.3206,0.56336
2974.28502,0.57474
2975.24945,0.58473
2976.21387,0.59419
2977.1783,0.60312
2978.14272,0.61121
2979.10715,0.61813
2980.07157,0.62476
2981.03599,0.63134
2982.00042,0.6369
2982.96484,0.64148
2983.92927,0.64633
2984.89369,0.65127
2985.85812,0.65561
2986.82254,0.65902
2987.78697,0.66265
2988.75139,0.66616
2989.71581,0.66919
2990.68024,0.67189
2991.64466,0.6748
2992.60909,0.67806
2993.57351,0.68063
2994.53794,0.6824
2995.50236,0.68486
2996.46679,0.68736
2997.43121,0.68923
2998.39563,0.6909
2999.36006,0.69307
3000.32448,0.695
3001.28891,0.69676
3002.25333,0.69857
3003.21776,0.70032
3004.18218,0.70116
3005.14661,0.70193
3006.11103,0.70294
3007.07545,0.70411
3008.03988,0.70514
3009.0043,0.70599
3009.96873,0.70688
3010.93315,0.70842
3011.89758,0.70902
3012.862,0.70935
3013.82643,0.71073
3014.79085,0.7119
3015.75527,0.71265
3016.7197,0.71326
3017.68412,0.71395
3018.64855,0.71508
3019.61297,0.71578
3020.5774,0.71634
3021.54182,0.71678
3022.50625,0.71739
3023.47067,0.71827
3024.43509,0.71887
3025.39952,0.71863
3026.36394,0.7187
3027.32837,0.71918
3028.29279,0.72033
3029.25722,0.72176
3030.22164,0.72236
3031.18607,0.72207
3032.15049,0.72243
3033.11491,0.72354
3034.07934,0.72419
3035.04376,0.72466
3036.00819,0.72537
3036.97261,0.72617
3037.93704,0.72715
3038.90146,0.72786
3039.86589,0.72814
3040.83031,0.72863
3041.79473,0.72935
3042.75916,0.72952
3043.72358,0.72939
3044.68801,0.72923
3045.65243,0.72993
3046.61686,0.73101
3047.58128,0.73129
3048.54571,0.73067
3049.51013,0.73102
3050.47455,0.7316
3051.43898,0.73128
3052.4034,0.73151
3053.36783,0.73283
3054.33225,0.73406
3055.29668,0.73418
3056.2611,0.7338
3057.22553,0.73473
3058.18995,0.73548
3059.15437,0.73531
3060.1188,0.73515
3061.08322,0.73588
3062.04765,0.73684
3063.01207,0.73738
3063.9765,0.73696
3064.94092,0.73752
3065.90535,0.7382
3066.86977,0.73726
3067.8342,0.73737
3068.79862,0.7381
3069.76304,0.73788
3070.72747,0.73778
3071.69189,0.73862
3072.65632,0.73944
3073.62074,0.73941
3074.58517,0.73933
3075.54959,0.74004
3076.51402,0.74108
3077.47844,0.74123
3078.44286,0.74144
3079.40729,0.74173
3080.37171,0.74215
3081.33614,0.74201
3082.30056,0.74162
3083.26499,0.74197
3084.22941,0.74257
3085.19384,0.74224
3086.15826,0.74185
3087.12268,0.74211
3088.08711,0.7422
3089.05153,0.74165
3090.01596,0.74154
3090.98038,0.74195
3091.94481,0.74256
3092.90923,0.74302
3093.87366,0.74407
3094.83808,0.74461
3095.8025,0.74348
3096.76693,0.74308
3097.73135,0.74447
3098.69578,0.74574
3099.6602,0.74622
3100.62463,0.74592
3101.58905,0.74594
3102.55348,0.74616
3103.5179,0.74605
3104.48232,0.74589
3105.44675,0.74612
3106.41117,0.74636
3107.3756,0.7459
3108.34002,0.74578
3109.30445,0.74637
3110.26887,0.74689
3111.2333,0.74697
3112.19772,0.74684
3113.16214,0.74801
3114.12657,0.74897
3115.09099,0.74858
3116.05542,0.74863
3117.01984,0.74981
3117.98427,0.74955
3118.94869,0.74891
3119.91312,0.74998
3120.87754,0.75119
3121.84196,0.75034
3122.80639,0.74899
3123.77081,0.74975
3124.73524,0.75081
3125.69966,0.75061
3126.66409,0.74973
3127.62851,0.74925
3128.59294,0.74945
3129.55736,0.74987
3130.52178,0.75075
3131.48621,0.75204
3132.45063,0.7519
3133.41506,0.75143
3134.37948,0.75241
3135.34391,0.75297
3136.30833,0.75318
3137.27276,0.75362
3138.23718,0.75374
3139.2016,0.75356
3140.16603,0.75373
3141.13045,0.75418
3142.09488,0.7541
3143.0593,0.75376
3144.02373,0.75412
3144.98815,0.75414
3145.95258,0.75389
3146.917,0.75383
3147.88142,0.75438
3148.84585,0.75465
3149.81027,0.75498
3150.7747,0.75536
3151.73912,0.75567
3152.70355,0.75611
3153.66797,0.75632
3154.6324,0.7564
3155.59682,0.75691
3156.56124,0.75751
3157.52567,0.75753
3158.49009,0.75759
3159.45452,0.75826
3160.41894,0.7585
3161.38337,0.75822
3162.34779,0.75808
3163.31222,0.7584
3164.27664,0.75812
3165.24107,0.75784
3166.20549,0.75803
3167.16991,0.75841
3168.13434,0.75835
3169.09876,0.75844
3170.06319,0.75868
3171.02761,0.75938
3171.99204,0.75971
3172.95646,0.7593
3173.92089,0.75972
3174.88531,0.76111
3175.84973,0.76262
3176.81416,0.76299
3177.77858,0.76173
3178.74301,0.76164
3179.70743,0.76207
3180.67186,0.76185
3181.63628,0.7621
3182.60071,0.76278
3183.56513,0.76269
3184.52955,0.76215
3185.49398,0.76195
3186.4584,0.76232
3187.42283,0.76227
3188.38725,0.76221
3189.35168,0.76273
3190.3161,0.76328
3191.28053,0.76307
3192.24495,0.76302
3193.20937,0.76359
3194.1738,0.76454
3195.13822,0.76538
3196.10265,0.76597
3197.06707,0.76619
3198.0315,0.76583
3198.99592,0.76567
3199.96035,0.76596
3200.92477,0.76636
3201.88919,0.76616
3202.85362,0.76529
3203.81804,0.76512
3204.78247,0.76538
3205.74689,0.76535
3206.71132,0.7657
3207.67574,0.76687
3208.64017,0.76715
3209.60459,0.76606
3210.56901,0.76632
3211.53344,0.76801
3212.49786,0.76942
3213.46229,0.7687
3214.42671,0.76763
3215.39114,0.76847
3216.35556,0.76946
3217.31999,0.77033
3218.28441,0.77018
3219.24883,0.76964
3220.21326,0.76959
3221.17768,0.76934
3222.14211,0.76892
3223.10653,0.76913
3224.07096,0.76918
3225.03538,0.769
3225.99981,0.76883
3226.96423,0.7687
3227.92865,0.76901
3228.89308,0.76924
3229.8575,0.76908
3230.82193,0.76927
3231.78635,0.76974
3232.75078,0.76984
3233.7152,0.77023
3234.67963,0.77155
3235.64405,0.77186
3236.60847,0.77137
3237.5729,0.77138
3238.53732,0.77159
3239.50175,0.77093
3240.46617,0.77016
3241.4306,0.77043
3242.39502,0.77164
3243.35945,0.77242
3244.32387,0.77098
3245.28829,0.76941
3246.25272,0.76972
3247.21714,0.77023
3248.18157,0.77037
3249.14599,0.77023
3250.11042,0.77085
3251.07484,0.77162
3252.03927,0.77216
3253.00369,0.77198
3253.96812,0.77158
3254.93254,0.77232
3255.89696,0.7727
3256.86139,0.7722
3257.82581,0.77261
3258.79024,0.77278
3259.75466,0.77202
3260.71909,0.77178
3261.68351,0.77207
3262.64794,0.77204
3263.61236,0.77167
3264.57678,0.77124
3265.54121,0.77124
3266.50563,0.77125
3267.47006,0.77081
3268.43448,0.77042
3269.39891,0.77082
3270.36333,0.77143
3271.32776,0.77216
3272.29218,0.77285
3273.2566,0.77298
3274.22103,0.77331
3275.18545,0.77377
3276.14988,0.77293
3277.1143,0.77337
3278.07873,0.77365
3279.04315,0.77286
3280.00758,0.7728
3280.972,0.7735
3281.93642,0.77338
3282.90085,0.77243
3283.86527,0.77179
3284.8297,0.77206
3285.79412,0.7721
3286.75855,0.77194
3287.72297,0.77204
3288.6874,0.77239
3289.65182,0.77282
3290.61624,0.77309
3291.58067,0.77312
3292.54509,0.77327
3293.50952,0.77283
3294.47394,0.77306
3295.43837,0.77429
3296.40279,0.77478
3297.36722,0.77378
3298.33164,0.77342
3299.29606,0.77354
3300.26049,0.77309
3301.22491,0.77231
3302.18934,0.77145
3303.15376,0.77092
3304.11819,0.77057
3305.08261,0.7703
3306.04704,0.77069
3307.01146,0.7715
3307.97588,0.7709
3308.94031,0.76967
3309.90473,0.77022
3310.86916,0.77124
3311.83358,0.77151
3312.79801,0.77049
3313.76243,0.77039
3314.72686,0.77096
3315.69128,0.77078
3316.6557,0.76996
3317.62013,0.7696
3318.58455,0.76924
3319.54898,0.76854
3320.5134,0.76798
3321.47783,0.76769
3322.44225,0.76718
3323.40668,0.76623
3324.3711,0.76519
3325.33552,0.76485
3326.29995,0.7644
3327.26437,0.76396
3328.2288,0.76345
3329.19322,0.76311
3330.15765,0.76281
3331.12207,0.7623
3332.0865,0.76205
3333.05092,0.76268
3334.01534,0.76248
3334.97977,0.76214
3335.94419,0.76115
3336.90862,0.75962
3337.87304,0.75959
3338.83747,0.75912
3339.80189,0.758
3340.76632,0.75716
3341.73074,0.75637
3342.69516,0.75545
3343.65959,0.75479
3344.62401,0.75429
3345.58844,0.75382
3346.55286,0.75301
3347.51729,0.75204
3348.48171,0.75161
3349.44614,0.75089
3350.41056,0.75003
3351.37499,0.74955
3352.33941,0.74947
3353.30383,0.74965
3354.26826,0.74955
3355.23268,0.74823
3356.19711,0.74697
3357.16153,0.74621
3358.12596,0.74553
3359.09038,0.74419
3360.05481,0.74313
3361.01923,0.74206
3361.98365,0.74094
3362.94808,0.74054
3363.9125,0.74009
3364.87693,0.73886
3365.84135,0.73745
3366.80578,0.73686
3367.7702,0.73632
3368.73463,0.73554
3369.69905,0.73503
3370.66347,0.73468
3371.6279,0.73449
3372.59232,0.73396
3373.55675,0.73287
3374.52117,0.73202
3375.4856,0.73171
3376.45002,0.73111
3377.41445,0.73004
3378.37887,0.72894
3379.34329,0.72814
3380.30772,0.72717
3381.27214,0.72625
3382.23657,0.72585
3383.20099,0.72593
3384.16542,0.72454
3385.12984,0.72269
3386.09427,0.72203
3387.05869,0.72155
3388.02311,0.72046
3388.98754,0.72005
3389.95196,0.72136
3390.91639,0.72229
3391.88081,0.72008
3392.84524,0.71735
3393.80966,0.71865
3394.77409,0.72064
3395.73851,0.72039
3396.70293,0.71756
3397.66736,0.71593
3398.63178,0.71635
3399.59621,0.71556
3400.56063,0.7147
3401.52506,0.71443
3402.48948,0.71389
3403.45391,0.7124
3404.41833,0.71167
3405.38275,0.71186
3406.34718,0.71147
3407.3116,0.71051
3408.27603,0.71009
3409.24045,0.71015
3410.20488,0.71
3411.1693,0.70973
3412.13373,0.70932
3413.09815,0.70854
3414.06257,0.70761
3415.027,0.70639
3415.99142,0.70583
3416.95585,0.70655
3417.92027,0.70787
3418.8847,0.70824
3419.84912,0.70642
3420.81355,0.70441
3421.77797,0.70357
3422.74239,0.70278
3423.70682,0.70288
3424.67124,0.70293
3425.63567,0.70233
3426.60009,0.70163
3427.56452,0.70123
3428.52894,0.70156
3429.49337,0.70196
3430.45779,0.70119
3431.42221,0.70052
3432.38664,0.70053
3433.35106,0.70029
3434.31549,0.69985
3435.27991,0.69944
3436.24434,0.69851
3437.20876,0.69732
3438.17319,0.69637
3439.13761,0.69664
3440.10204,0.69701
3441.06646,0.69541
3442.03088,0.69108
3442.99531,0.69005
3443.95973,0.69383
3444.92416,0.69758
3445.88858,0.69733
3446.85301,0.69012
3447.81743,0.68797
3448.78186,0.69049
3449.74628,0.69072
3450.7107,0.69047
3451.67513,0.69022
3452.63955,0.68991
3453.60398,0.68927
3454.5684,0.68893
3455.53283,0.68776
3456.49725,0.68653
3457.46168,0.6856
3458.4261,0.68546
3459.39052,0.68579
3460.35495,0.68526
3461.31937,0.68378
3462.2838,0.68155
3463.24822,0.68062
3464.21265,0.68157
3465.17707,0.6817
3466.1415,0.67994
3467.10592,0.6785
3468.07034,0.67911
3469.03477,0.6789
3469.99919,0.67812
3470.96362,0.6784
3471.92804,0.67958
3472.89247,0.68019
3473.85689,0.67952
3474.82132,0.67701
3475.78574,0.67565
3476.75016,0.67574
3477.71459,0.677
3478.67901,0.67946
3479.64344,0.68066
3480.60786,0.68019
3481.57229,0.67756
3482.53671,0.67512
3483.50114,0.67687
3484.46556,0.67876
3485.42998,0.68082
3486.39441,0.68277
3487.35883,0.68185
3488.32326,0.68067
3489.28768,0.68318
3490.25211,0.68406
3491.21653,0.68401
3492.18096,0.68576
3493.14538,0.68898
3494.1098,0.69079
3495.07423,0.69012
3496.03865,0.68809
3497.00308,0.68694
3497.9675,0.68763
3498.93193,0.68984
3499.89635,0.69508
3500.86078,0.70077
3501.8252,0.70139
3502.78962,0.69665
3503.75405,0.69335
3504.71847,0.69438
3505.6829,0.69783
3506.64732,0.70394
3507.61175,0.70942
3508.57617,0.70801
3509.5406,0.70424
3510.50502,0.70717
3511.46944,0.70999
3512.43387,0.71095
3513.39829,0.71108
3514.36272,0.71261
3515.32714,0.71491
3516.29157,0.71531
3517.25599,0.7136
3518.22042,0.71193
3519.18484,0.7125
3520.14926,0.71696
3521.11369,0.72123
3522.07811,0.71929
3523.04254,0.71417
3524.00696,0.71655
3524.97139,0.7226
3525.93581,0.72711
3526.90024,0.72746
3527.86466,0.72711
3528.82909,0.72644
3529.79351,0.72723
3530.75793,0.7268
3531.72236,0.72702
3532.68678,0.73067
3533.65121,0.73594
3534.61563,0.73983
3535.58006,0.7364
3536.54448,0.7317
3537.50891,0.73356
3538.47333,0.7334
3539.43775,0.73087
3540.40218,0.73196
3541.3666,0.73529
3542.33103,0.73719
3543.29545,0.73867
3544.25988,0.73947
3545.2243,0.7399
3546.18873,0.73982
3547.15315,0.73835
3548.11757,0.73784
3549.082,0.74264
3550.04642,0.74889
3551.01085,0.7479
3551.97527,0.74443
3552.9397,0.74372
3553.90412,0.7454
3554.86855,0.74737
3555.83297,0.74844
3556.79739,0.74823
3557.76182,0.74985
3558.72624,0.74945
3559.69067,0.7425
3560.65509,0.74069
3561.61952,0.74282
3562.58394,0.74588
3563.54837,0.75053
3564.51279,0.755
3565.47721,0.75571
3566.44164,0.75475
3567.40606,0.75337
3568.37049,0.75056
3569.33491,0.75267
3570.29934,0.75619
3571.26376,0.75829
3572.22819,0.76235
3573.19261,0.76306
3574.15703,0.76169
3575.12146,0.7632
3576.08588,0.76448
3577.05031,0.76327
3578.01473,0.7654
3578.97916,0.76317
3579.94358,0.75625
3580.90801,0.75251
3581.87243,0.74906
3582.83685,0.74938
3583.80128,0.76089
3584.7657,0.77058
3585.73013,0.77109
3586.69455,0.76793
3587.65898,0.76464
3588.6234,0.75642
3589.58783,0.75287
3590.55225,0.76643
3591.51667,0.77508
3592.4811,0.77298
3593.44552,0.77189
3594.40995,0.77183
3595.37437,0.76532
3596.3388,0.76875
3597.30322,0.77782
3598.26765,0.78031
3599.23207,0.78335
3600.19649,0.77662
3601.16092,0.76652
3602.12534,0.7632
3603.08977,0.76175
3604.05419,0.76853
3605.01862,0.78176
3605.98304,0.78157
3606.94747,0.77604
3607.91189,0.77443
3608.87631,0.76721
3609.84074,0.76985
3610.80516,0.78983
3611.76959,0.78147
3612.73401,0.76863
3613.69844,0.76402
3614.66286,0.76057
3615.62729,0.78131
3616.59171,0.80289
3617.55613,0.80332
3618.52056,0.79829
3619.48498,0.7817
3620.44941,0.7735
3621.41383,0.77286
3622.37826,0.7678
3623.34268,0.76062
3624.30711,0.76324
3625.27153,0.77975
3626.23596,0.8064
3627.20038,0.81686
3628.1648,0.79818
3629.12923,0.77392
3630.09365,0.76834
3631.05808,0.79125
3632.0225,0.80452
3632.98693,0.79609
3633.95135,0.78398
3634.91578,0.79036
3635.8802,0.79752
3636.84462,0.79563
3637.80905,0.78914
3638.77347,0.78883
3639.7379,0.79054
3640.70232,0.7836
3641.66675,0.76696
3642.63117,0.75479
3643.5956,0.76121
3644.56002,0.78077
3645.52444,0.79113
3646.48887,0.78972
3647.45329,0.79502
3648.41772,0.80323
3649.38214,0.79563
3650.34657,0.77664
3651.31099,0.75659
3652.27542,0.77263
3653.23984,0.79897
3654.20426,0.81962
3655.16869,0.81281
3656.13311,0.78362
3657.09754,0.78338
3658.06196,0.79608
3659.02639,0.79643
3659.99081,0.7934
3660.95524,0.79099
3661.91966,0.78701
3662.88408,0.77905
3663.84851,0.76969
3664.81293,0.76461
3665.77736,0.77339
3666.74178,0.79658
3667.70621,0.80853
3668.67063,0.7906
3669.63506,0.75953
3670.59948,0.72265
3671.5639,0.74652
3672.52833,0.80781
3673.49275,0.83797
3674.45718,0.80942
3675.4216,0.77132
3676.38603,0.77112
3677.35045,0.79255
3678.31488,0.79667
3679.2793,0.78192
3680.24372,0.77729
3681.20815,0.78008
3682.17257,0.77472
3683.137,0.76595
3684.10142,0.76114
3685.06585,0.77291
3686.03027,0.79886
3686.9947,0.79814
3687.95912,0.78972
3688.92354,0.7908
3689.88797,0.79583
3690.85239,0.78481
3691.81682,0.7783
3692.78124,0.79001
3693.74567,0.79306
3694.71009,0.79141
3695.67452,0.78473
3696.63894,0.77948
3697.60336,0.78495
3698.56779,0.79765
3699.53221,0.81216
3700.49664,0.81091
3701.46106,0.78521
3702.42549,0.77513
3703.38991,0.7801
3704.35434,0.7763
3705.31876,0.77051
3706.28318,0.77375
3707.24761,0.7893
3708.21203,0.79363
3709.17646,0.79327
3710.14088,0.80012
3711.10531,0.79837
3712.06973,0.78151
3713.03416,0.77489
3713.99858,0.78285
3714.96301,0.78124
3715.92743,0.78513
3716.89185,0.78961
3717.85628,0.78502
3718.8207,0.7777
3719.78513,0.78973
3720.74955,0.7988
3721.71398,0.78094
3722.6784,0.77857
3723.64283,0.79855
3724.60725,0.79974
3725.57167,0.78239
3726.5361,0.76103
3727.50052,0.75816
3728.46495,0.76924
3729.42937,0.78058
3730.3938,0.78764
3731.35822,0.77535
3732.32265,0.77952
3733.28707,0.81778
3734.25149,0.81302
3735.21592,0.78738
3736.18034,0.7759
3737.14477,0.76733
3738.10919,0.75877
3739.07362,0.75709
3740.03804,0.76097
3741.00247,0.77425
3741.96689,0.82227
3742.93131,0.83969
3743.89574,0.76393
3744.86016,0.7106
3745.82459,0.74623
3746.78901,0.78469
3747.75344,0.80834
3748.71786,0.80404
3749.68229,0.80466
3750.64671,0.81725
3751.61113,0.78221
3752.57556,0.7547
3753.53998,0.76961
3754.50441,0.78677
3755.46883,0.7914
3756.43326,0.79141
3757.39768,0.8075
3758.36211,0.80732
3759.32653,0.77648
3760.29095,0.76684
3761.25538,0.77995
3762.2198,0.78842
3763.18423,0.79487
3764.14865,0.7935
3765.11308,0.77538
3766.0775,0.77451
3767.04193,0.80033
3768.00635,0.8194
3768.97077,0.80249
3769.9352,0.78057
3770.89962,0.78173
3771.86405,0.7867
3772.82847,0.78385
3773.7929,0.77949
3774.75732,0.78015
3775.72175,0.78901
3776.68617,0.80249
3777.65059,0.80354
3778.61502,0.79143
3779.57944,0.77846
3780.54387,0.77828
3781.50829,0.79117
3782.47272,0.79828
3783.43714,0.79912
3784.40157,0.78834
3785.36599,0.78452
3786.33041,0.78854
3787.29484,0.79006
3788.25926,0.78913
3789.22369,0.7852
3790.18811,0.77982
3791.15254,0.77594
3792.11696,0.77694
3793.08139,0.78406
3794.04581,0.79309
3795.01023,0.78608
3795.97466,0.75689
3796.93908,0.74805
3797.90351,0.77781
3798.86793,0.8157
3799.83236,0.81837
3800.79678,0.78106
3801.76121,0.74848
3802.72563,0.75861
3803.69005,0.78952
3804.65448,0.82002
3805.6189,0.82035
3806.58333,0.78452
3807.54775,0.76943
3808.51218,0.77727
3809.4766,0.77337
3810.44103,0.76583
3811.40545,0.76654
3812.36988,0.77953
3813.3343,0.80046
3814.29872,0.80577
3815.26315,0.76298
3816.22757,0.72722
3817.192,0.76146
3818.15642,0.8072
3819.12085,0.82769
3820.08527,0.80287
3821.0497,0.76359
3822.01412,0.75745
3822.97854,0.77706
3823.94297,0.79037
3824.90739,0.79354
3825.87182,0.77965
3826.83624,0.76358
3827.80067,0.76904
3828.76509,0.78346
3829.72952,0.79142
3830.69394,0.77539
3831.65836,0.75511
3832.62279,0.77041
3833.58721,0.77803
3834.55164,0.77307
3835.51606,0.78135
3836.48049,0.79159
3837.44491,0.77842
3838.40934,0.77619
3839.37376,0.7863
3840.33818,0.78053
3841.30261,0.79021
3842.26703,0.80046
3843.23146,0.78035
3844.19588,0.76437
3845.16031,0.76503
3846.12473,0.7589
3847.08916,0.7512
3848.05358,0.74872
3849.018,0.75727
3849.98243,0.79073
3850.94685,0.81339
3851.91128,0.81488
3852.8757,0.80607
3853.84013,0.77094
3854.80455,0.76301
3855.76898,0.77723
3856.7334,0.76483
3857.69782,0.75805
3858.66225,0.76949
3859.62667,0.7807
3860.5911,0.78336
3861.55552,0.77864
3862.51995,0.78797
3863.48437,0.78403
3864.4488,0.74759
3865.41322,0.73889
3866.37764,0.77466
3867.34207,0.80785
3868.30649,0.80257
3869.27092,0.77045
3870.23534,0.75743
3871.19977,0.783
3872.16419,0.80542
3873.12862,0.7898
3874.09304,0.75272
3875.05746,0.75017
3876.02189,0.76679
3876.98631,0.78308
3877.95074,0.80104
3878.91516,0.79717
3879.87959,0.75914
3880.84401,0.74741
3881.80844,0.77475
3882.77286,0.79538
3883.73728,0.80611
3884.70171,0.78751
3885.66613,0.74711
3886.63056,0.7498
3887.59498,0.77517
3888.55941,0.79582
3889.52383,0.80853
3890.48826,0.79161
3891.45268,0.7656
3892.4171,0.76381
3893.38153,0.76214
3894.34595,0.75805
3895.31038,0.76456
3896.2748,0.77603
3897.23923,0.78036
3898.20365,0.77446
3899.16808,0.77137
3900.1325,0.77893
3901.09693,0.78212
3902.06135,0.78156
3903.02577,0.78284
3903.9902,0.77895
3904.95462,0.77599
3905.91905,0.77489
3906.88347,0.77845
3907.8479,0.78273
3908.81232,0.78146
3909.77675,0.7777
3910.74117,0.77341
3911.70559,0.77112
3912.67002,0.77315
3913.63444,0.77935
3914.59887,0.78296
3915.56329,0.78138
3916.52772,0.77703
3917.49214,0.77634
3918.45657,0.77844
3919.42099,0.77539
3920.38541,0.77371
3921.34984,0.77937
3922.31426,0.78299
3923.27869,0.78022
3924.24311,0.77564
3925.20754,0.77224
3926.17196,0.77302
3927.13639,0.77737
3928.10081,0.77922
3929.06523,0.77943
3930.02966,0.78071
3930.99408,0.78135
3931.95851,0.77749
3932.92293,0.77542
3933.88736,0.77765
3934.85178,0.7786
3935.81621,0.77808
3936.78063,0.7757
3937.74505,0.77338
3938.70948,0.77671
3939.6739,0.7808
3940.63833,0.78215
3941.60275,0.77972
3942.56718,0.77637
3943.5316,0.77546
3944.49603,0.77709
3945.46045,0.77934
3946.42487,0.7797
3947.3893,0.77906
3948.35372,0.77923
3949.31815,0.77862
3950.28257,0.77756
3951.247,0.77951
3952.21142,0.78002
3953.17585,0.77864
3954.14027,0.77994
3955.10469,0.78014
3956.06912,0.77841
3957.03354,0.7787
3957.99797,0.77922
3958.96239,0.77962
3959.92682,0.77949
3960.89124,0.78175
3961.85567,0.77754
3962.82009,0.77735
3963.78451,0.7781
3964.74894,0.77833
3965.71336,0.77904
3966.67779,0.77949
3967.64221,0.77914
3968.60664,0.77759
3969.57106,0.77757
3970.53549,0.77941
3971.49991,0.77953
3972.46433,0.77912
3973.42876,0.77963
3974.39318,0.77909
3975.35761,0.77729
3976.32203,0.77679
3977.28646,0.77827
3978.25088,0.77869
3979.21531,0.77835
3980.17973,0.77856
3981.14415,0.77825
3982.10858,0.7772
3983.073,0.77695
3984.03743,0.77717
3985.00185,0.77657
3985.96628,0.77669
3986.9307,0.77793
3987.89513,0.77856
3988.85955,0.77798
3989.82397,0.77652
3990.7884,0.77617
3991.75282,0.77805
3992.71725,0.77966
3993.68167,0.77937
3994.6461,0.77732
3995.61052,0.77677
3996.57495,0.77758
3997.53937,0.77779
3998.5038,0.77784
3999.46822,0.77772
4000.43264,0.77719
